frequency_khz,mean_abs_v,var_v,rms_abs_v,p95_abs_v,p99_abs_v,exceedance_probability,exceedance_threshold_v,density_scaling
2.0,0.155599749105923,0.01002101397243866,0.18501971758238323,0.3445137094542202,0.5145043405321428,0.0002745890607760426,1.0,3.4641016151377544
3.0,0.1300195693423341,0.006996991226181422,0.15460297422154415,0.2878765833052531,0.42992121237427144,8.471093787187911e-05,1.0,3.4641016151377544
4.0,0.11654270708641103,0.005621653666266997,0.13857797891907644,0.2580374361712114,0.38535877466297375,3.962412796121306e-05,1.0,3.4641016151377544
5.0,0.10816533106721651,0.0048425046974789904,0.1286166534409893,0.23948907150835552,0.35765823948273157,2.3164239544959386e-05,1.0,3.4641016151377544
6.0,0.1024520907179678,0.00434445730605793,0.12182318415860191,0.22683937485374653,0.338766904663221,1.5525103360558568e-05,1.0,3.4641016151377544
7.0,0.09832084767831392,0.004001152563374025,0.11691082777722615,0.21769238154285622,0.3251065839499261,1.1399074494877759e-05,1.0,3.4641016151377544
8.0,0.09521365152423328,0.003752254827165638,0.1132161395903595,0.21081273244833554,0.31483236488887223,8.928549500630822e-06,1.0,3.4641016151377544
9.0,0.09281263789097903,0.003565398811327742,0.11036115513897876,0.20549664345721846,0.30689320082797633,7.337025066167513e-06,1.0,3.4641016151377544
10.0,0.09092359162504562,0.003421740327868886,0.10811493810693762,0.2013141024174876,0.30064690217471096,6.256110756885924e-06,1.0,3.4641016151377544
11.0,0.08942196337666218,0.0033096516477712,0.10632939001944999,0.1979893443697116,0.2956816354818126,5.493859318583816e-06,1.0,3.4641016151377544
12.0,0.08822555397994665,0.003221682002479638,0.10490676993191678,0.19534037197960996,0.2917256019329119,4.94303089570991e-06,1.0,3.4641016151377544
13.0,0.08727985688614219,0.003152985211926685,0.1037822654888211,0.19324650219075268,0.288598570800877,4.540718481660377e-06,1.0,3.4641016151377544
14.0,0.0865499422213642,0.0031004693859703605,0.10291434246251512,0.19163039670091336,0.2861850433665191,4.2491017684387344e-06,1.0,3.4641016151377544
15.0,0.08601587049350579,0.0030623234537833144,0.1022792913083527,0.19044790744153892,0.2844190879346014,4.045717421741202e-06,1.0,3.4641016151377544
16.0,0.08566966399765474,0.0030377218851070226,0.10186762593963837,0.1896813709605475,0.2832743255178281,3.918243347333927e-06,1.0,3.4641016151377544
17.0,0.08551143743234595,0.003026511278831483,0.10167948274149263,0.18933104121219027,0.28275113537705593,3.861104313163111e-06,1.0,3.4641016151377544
18.0,0.08554004381478096,0.0030285365522498813,0.1017134978657431,0.18939437865960512,0.28284572491215687,3.871383142506346e-06,1.0,3.4641016151377544
19.0,0.08572994853524175,0.003041998593635858,0.10193930875521502,0.1898148470733701,0.28347366167636123,3.94019724725414e-06,1.0,3.4641016151377544
20.0,0.08598944833361648,0.0030604423876010407,0.10224787338776654,0.19038940608554333,0.284331720724645,4.035868973240042e-06,1.0,3.4641016151377544
21.0,0.0861323929568617,0.003070625902206121,0.10241784521596498,0.19070590005602675,0.28480437977157796,4.089387594774507e-06,1.0,3.4641016151377544
22.0,0.08595617600878126,0.0030580744614236086,0.10220831010967842,0.19031573776591557,0.284221702838076,4.023495542071487e-06,1.0,3.4641016151377544
23.0,0.08542178014932114,0.003020168115059116,0.10157287353884437,0.18913253084612647,0.28245467563633253,3.829035397417968e-06,1.0,3.4641016151377544
24.0,0.08469164468262681,0.0029687594985915835,0.10070468796257646,0.1875159364783314,0.2800404181008979,3.5760185681521506e-06,1.0,3.4641016151377544
25.0,0.08396135109349442,0.0029177811889265362,0.09983631436692549,0.1858989920113363,0.2776256377196285,3.337002892456198e-06,1.0,3.4641016151377544
26.0,0.08333747155001726,0.0028745808142719934,0.09909447501562299,0.18451765909138676,0.2755627247976438,3.143481890011124e-06,1.0,3.4641016151377544
27.0,0.08284477523311583,0.0028406918867496965,0.09850862231386234,0.18342677921050335,0.27393358082365554,2.997336097765313e-06,1.0,3.4641016151377544
28.0,0.08247034223846711,0.002815071801866573,0.09806339353090156,0.1825977463832031,0.27269548499064694,2.890092664742383e-06,1.0,3.4641016151377544
29.0,0.08219173179482012,0.0027960835555804857,0.0977321049144657,0.18198087445387776,0.27177423490253544,2.8123848778704996e-06,1.0,3.4641016151377544
30.0,0.08198802517309435,0.0027822409247178605,0.0974898825340446,0.1815298472234717,0.2711006609303712,2.7566771005904656e-06,1.0,3.4641016151377544
31.0,0.08184260274816191,0.0027723799382919677,0.0973169644146662,0.18120786714741638,0.27061980881288134,2.7174734532620093e-06,1.0,3.4641016151377544
32.0,0.08174286351034929,0.0027656268155369116,0.09719836701513306,0.18098703430549737,0.27029001219642923,2.690854838727219e-06,1.0,3.4641016151377544
33.0,0.08167948074301722,0.0027613395881749105,0.09712300017309922,0.1808466983961239,0.27008043146705984,2.6740523304535913e-06,1.0,3.4641016151377544
34.0,0.08164551360405703,0.0027590434104335137,0.09708261070914696,0.18077149168718026,0.26996811611609767,2.665083838282456e-06,1.0,3.4641016151377544
35.0,0.08163574133881753,0.002758382982462446,0.09707099075625408,0.18074985489556092,0.2699358032562669,2.662508274076103e-06,1.0,3.4641016151377544
36.0,0.08164617937134963,0.0027590884071092593,0.09708340235615899,0.1807729657638476,0.269970317534569,2.66525938241724e-06,1.0,3.4641016151377544
37.0,0.08167373729995911,0.0027609512644748545,0.0971161707905413,0.1808339818275925,0.2700614402643107,2.6725340991351487e-06,1.0,3.4641016151377544
38.0,0.08171597887230442,0.0027638079252840335,0.09716639917349482,0.18092750897571117,0.27020111576152356,2.6837171174243224e-06,1.0,3.4641016151377544
39.0,0.08177095297905021,0.0027675278581983254,0.09723176749036483,0.18104922725320036,0.27038289251052283,2.6983293321958257e-06,1.0,3.4641016151377544
40.0,0.08183707362519577,0.0027720053580298464,0.09731038987469713,0.18119562510542062,0.270601526278483,2.7159921061059578e-06,1.0,3.4641016151377544
41.0,0.08191303370992187,0.002777153623304755,0.09740071208603945,0.18136380847788625,0.27085269502087067,2.736402119674075e-06,1.0,3.4641016151377544
42.0,0.08199774229702811,0.002782900459617564,0.0975014369198085,0.18155136192661797,0.27113279146059466,2.75931339710489e-06,1.0,3.4641016151377544
43.0,0.08209027836377919,0.0027891851197293076,0.09761146921121544,0.18175624621337227,0.2714387701544728,2.784524260723842e-06,1.0,3.4641016151377544
44.0,0.08218985623895152,0.0027959559478279127,0.09772987473852317,0.18197672178195323,0.27176803321107484,2.8118677235511313e-06,1.0,3.4641016151377544
45.0,0.08229579943238972,0.0028031685997339057,0.09785584910443536,0.18221129081418214,0.2721183437558348,2.841204312042933e-06,1.0,3.4641016151377544
46.0,0.08240752056280891,0.0028107846807947723,0.0979886938687548,0.18245865278800463,0.27248775956055243,2.872416633659114e-06,1.0,3.4641016151377544
47.0,0.08252450577174425,0.0028187706904816857,0.0981277980154061,0.18271766996838676,0.2728745815067389,2.905405210418266e-06,1.0,3.4641016151377544
48.0,0.08264630247759676,0.0028270971949469603,0.0982726233910817,0.18298734029352326,0.2732773130932852,2.9400852465943927e-06,1.0,3.4641016151377544
49.0,0.08277250964576106,0.0028357381710260986,0.09842269313569765,0.18326677583190837,0.2736946282637782,2.976384092967521e-06,1.0,3.4641016151377544
50.0,0.082902769975673,0.0028446704806535644,0.0985775823922098,0.18355518548366268,0.2741253455722825,3.0142392350995806e-06,1.0,3.4641016151377544
51.0,0.0830367635642748,0.0028538734455688013,0.09873691077200095,0.1838518609507989,0.27456840723102693,3.0535966839551065e-06,1.0,3.4641016151377544
52.0,0.08317420271855036,0.0028633284999555857,0.09890033618659795,0.1841561652516464,0.275022861957594,3.094409673387588e-06,1.0,3.4641016151377544
53.0,0.08331482767131561,0.002873018904246661,0.09906754975342671,0.18446752323517376,0.275487850808801,3.1366376002095464e-06,1.0,3.4641016151377544
54.0,0.08345840301381577,0.002882929507389895,0.09923827155390398,0.18478541368239565,0.27596259538476714,3.180245151890304e-06,1.0,3.4641016151377544
55.0,0.08360471470232682,0.002893046547857085,0.099412247074063,0.1851093626786831,0.2764463879309766,3.225201585133064e-06,1.0,3.4641016151377544
56.0,0.08375356752836831,0.0029033574858907483,0.09958924419644774,0.18543893801255712,0.2769385829733136,3.2714801240230074e-06,1.0,3.4641016151377544
57.0,0.08390478296641925,0.002913850861141835,0.09976905064088638,0.18577374441031178,0.2774385902013441,3.319057455319907e-06,1.0,3.4641016151377544
58.0,0.08405819733139644,0.002924516171103883,0.09995147177359553,0.18611341945648338,0.27794586837585467,3.3679133019104412e-06,1.0,3.4641016151377544
59.0,0.08421366019216356,0.0029353437667037074,0.10013632872072403,0.18645763008119842,0.2784599200829803,3.4180300607644654e-06,1.0,3.4641016151377544
60.0,0.08437103299811811,0.0029463247621425315,0.1003234567352624,0.18680606951929624,0.27898028719289275,3.4693924934048326e-06,1.0,3.4641016151377544
61.0,0.08453018788425966,0.0029574509566498023,0.10051270377617966,0.18715845466462863,0.27950654690865206,3.5219874614522695e-06,1.0,3.4641016151377544
62.0,0.0846910066266772,0.002968714766256232,0.10070392926641995,0.1875145237574028,0.2800383083124344,3.5758036966981877e-06,1.0,3.4641016151377544
63.0,0.08485337972553508,0.0029801091640415077,0.10089700300250427,0.18787403435381791,0.28057520933334273,3.6308316040400967e-06,1.0,3.4641016151377544
64.0,0.0850172055967178,0.0029916276275891544,0.10109180419333576,0.1882367615362847,0.2811169140745091,3.6870630886198796e-06,1.0,3.4641016151377544
65.0,0.08518238985654947,0.0030032640926015803,0.10128822060967782,0.18860249632972131,0.2816631104479563,3.744491405166528e-06,1.0,3.4641016151377544
66.0,0.08534884468662493,0.0030150129118058687,0.10148614782889089,0.18897104429522496,0.28221350807435647,3.8031110265457357e-06,1.0,3.4641016151377544
67.0,0.08551648826790524,0.003026868818423887,0.10168548856202965,0.18934222427710112,0.2827678364118165,3.862917527519549e-06,1.0,3.4641016151377544
68.0,0.08568524427495545,0.0030388268935970077,0.10188615205245409,0.18971586728305473,0.28332584308353115,3.923907482716871e-06,1.0,3.4641016151377544
69.0,0.08585504142261419,0.003050882537250826,0.1020880535367857,0.19009181548047005,0.28388729237880544,3.98607837559517e-06,1.0,3.4641016151377544
70.0,0.0860258130585455,0.0030630314419636375,0.10229111376042131,0.19046992129427967,0.2844519639057925,4.049428518393405e-06,1.0,3.4641016151377544
71.0,0.08619749679608533,0.0030752695694670987,0.10249525854096003,0.19085004659404828,0.2850196513774663,4.11395698018957e-06,1.0,3.4641016151377544
72.0,0.08637003418259458,0.003087593129461336,0.10270041837385031,0.19123206195967307,0.2855901615150028,4.1796635232849155e-06,1.0,3.4641016151377544
73.0,0.086543370399199,0.0030999985604715655,0.10290652807535837,0.1916158460165773,0.28616331305494314,4.24654854591644e-06,1.0,3.4641016151377544
74.0,0.08671745398835845,0.00311248251251101,0.10311352645862751,0.19200128483252046,0.2867389358483771,4.314613030409475e-06,1.0,3.4641016151377544
75.0,0.08689223660618016,0.003125041831346516,0.10332135603916023,0.19238827136919465,0.28731687004194456,4.383858497991611e-06,1.0,3.4641016151377544
76.0,0.0870676727967926,0.003137673544190151,0.10352996276653194,0.19277670498266583,0.28789696533178405,4.4542869663821705e-06,1.0,3.4641016151377544
77.0,0.08724371978643798,0.0031503748466627426,0.1037392957795514,0.19316649096747276,0.28847908028267955,4.525900912266678e-06,1.0,3.4641016151377544
78.0,0.0874203372952323,0.0031631430908949246,0.10394930718242959,0.19355754013984558,0.28906308170563033,4.598703237990165e-06,1.0,3.4641016151377544
79.0,0.08759748736479081,0.0031759757746475503,0.10415995183981334,0.19394976845605025,0.28964884408787805,4.672697239582746e-06,1.0,3.4641016151377544
80.0,0.08777513420013403,0.003188870531347964,0.10437118718879987,0.1943430966623523,0.29023624907015505,4.747886579892224e-06,1.0,3.4641016151377544
81.0,0.08795324402447076,0.003201825120950577,0.10458297306626294,0.1947374499734925,0.29082518496651244,4.824275262160782e-06,1.0,3.4641016151377544
82.0,0.08813178494561974,0.0032148374215410823,0.10479527155001818,0.19513275777692948,0.2914155463226303,4.901867607265409e-06,1.0,3.4641016151377544
83.0,0.08831072683296654,0.003227905421612655,0.1050080468125157,0.19552895336041085,0.29200723350896535,4.980668232512642e-06,1.0,3.4641016151377544
84.0,0.08849004120397684,0.003241027212950616,0.10522126498589596,0.19592597366070172,0.29260015234549763,5.06068203209864e-06,1.0,3.4641016151377544
85.0,0.08866970111939167,0.0032542009840689588,0.10543489403736889,0.19632375903153582,0.29319421375518306,5.1419141590125506e-06,1.0,3.4641016151377544
86.0,0.08884968108632388,0.00326742501414831,0.10564890365398862,0.19672225302906174,0.29378933344353425,5.22437000927134e-06,1.0,3.4641016151377544
87.0,0.08902995696855567,0.0032806976674301137,0.10586326513599034,0.19712140221323257,0.2943854316020113,5.308055206487694e-06,1.0,3.4641016151377544
88.0,0.08921050590341026,0.0032940173880267078,0.10607795129794459,0.19752115596375058,0.29498243263314977,5.392975588547344e-06,1.0,3.4641016151377544
89.0,0.08939130622463287,0.003307382695111008,0.10629293637705703,0.19792146630931884,0.2955802648955613,5.479137194064343e-06,1.0,3.4641016151377544
90.0,0.08957233739077321,0.003320792178453137,0.10650819594800977,0.1983222877690718,0.2961788604671222,5.566546251722926e-06,1.0,3.4641016151377544
91.0,0.08975357991861009,0.0033342444942746855,0.10672370684379837,0.19872357720517136,0.2967781549248377,5.6552091685091455e-06,1.0,3.4641016151377544
92.0,0.08993501532120529,0.003347738361394091,0.10693944708207315,0.19912529368565124,0.29737808714001024,5.745132520496021e-06,1.0,3.4641016151377544
93.0,0.09011662605020956,0.0033612725576391625,0.10715539579653686,0.19952739835667713,0.29797859908747043,5.836323042629488e-06,1.0,3.4641016151377544
94.0,0.09029839544208282,0.003374845916505097,0.10737153317299637,0.19992985432347213,0.2985796356677479,5.928787621178877e-06,1.0,3.4641016151377544
95.0,0.09048030766791777,0.0033884573240383405,0.10758784038969924,0.20033262653922185,0.29918114454116046,6.022533284855136e-06,1.0,3.4641016151377544
96.0,0.09066234768658812,0.003402105715928451,0.10780429956162343,0.2007356817013387,0.2997830759728923,6.117567198038465e-06,1.0,3.4641016151377544
97.0,0.09084450120096432,0.0034157900747917615,0.1080208936884146,0.2011389881545204,0.30038538268821957,6.2138966534508455e-06,1.0,3.4641016151377544
98.0,0.09102675461696448,0.0034295094276320277,0.10823760660569455,0.20154251580008342,0.30098801973710737,6.311529066160837e-06,1.0,3.4641016151377544
99.0,0.09120909500522835,0.0034432628434647346,0.10845442293948876,0.20194623601110614,0.30159094436748224,6.41047196703326e-06,1.0,3.4641016151377544
100.0,0.09139151006521826,0.0034570494310925664,0.10867132806353963,0.20235012155294363,0.3021941159065271,6.510732997622171e-06,1.0,3.4641016151377544
101.0,0.09157398809157137,0.0034708683370211005,0.10888830805929696,0.2027541465087294,0.30279749564942443,6.612319905063835e-06,1.0,3.4641016151377544
102.0,0.09175651794253827,0.003484718743504171,0.1091053496783889,0.20315828620949408,0.30340104675499346,6.715240536414591e-06,1.0,3.4641016151377544
103.0,0.09193908901035973,0.0034985998667097194,0.10932244030739786,0.20356251716857734,0.3040047341477399,6.819502835098135e-06,1.0,3.4641016151377544
104.0,0.09212169119344393,0.003512510954997392,0.10953956793477705,0.20396681702002467,0.3046085244258559,6.925114835909518e-06,1.0,3.4641016151377544
105.0,0.09230431487021831,0.003526451287300017,0.10975672111975841,0.20437116446069364,0.3052123857747608,7.032084661462434e-06,1.0,3.4641016151377544
106.0,0.0924869508745391,0.00354042017160164,0.10997388896311275,0.20477553919580724,0.3058162878857888,7.1404205179703695e-06,1.0,3.4641016151377544
107.0,0.09266959047255328,0.0035544169435055076,0.11019106107963679,0.20517992188772455,0.30642020187968216,7.250130692249002e-06,1.0,3.4641016151377544
108.0,0.09285222534091303,0.0035684409648857503,0.11040822757224862,0.20558429410770454,0.30702410023455434,7.361223548274509e-06,1.0,3.4641016151377544
109.0,0.09303484754625235,0.0035824916226171576,0.11062537900758386,0.20598863829046624,0.30762795671802895,7.473707523519835e-06,1.0,3.4641016151377544
110.0,0.09321744952584222,0.003596568327377772,0.1108425063929931,0.20639293769135636,0.308231746323273,7.587591126734239e-06,1.0,3.4641016151377544
111.0,0.0934000240693457,0.0036106705125194347,0.11105960115484743,0.2067971763459539,0.3088354452086694,7.70288293505672e-06,1.0,3.4641016151377544
112.0,0.09358256430160272,0.0036247976330019156,0.11127665511806833,0.2072013390319535,0.3094390306408932,7.819591591018415e-06,1.0,3.4641016151377544
113.0,0.09376506366637669,0.0036389491643863785,0.11149366048680101,0.2076054112331786,0.31004248094116726,7.93772580043317e-06,1.0,3.4641016151377544
114.0,0.09394751591100219,0.0036531246018844422,0.11171060982615953,0.20800937910559075,0.3106457754345006,8.0572943301771e-06,1.0,3.4641016151377544
115.0,0.09412991507187579,0.0036673234594591705,0.11192749604497422,0.20841322944516374,0.31124889440171055,8.178306005302005e-06,1.0,3.4641016151377544
116.0,0.09431225546073879,0.0036815452689749235,0.11214431237948083,0.20881694965751293,0.31185181903406634,8.300769708036171e-06,1.0,3.4641016151377544
117.0,0.09449453165170031,0.003695789579392759,0.11236105237789006,0.20922052772916264,0.31245453139037954,8.424694375008812e-06,1.0,3.4641016151377544
118.0,0.09467673846895637,0.0037100559560087135,0.11257770988578457,0.20962395220035507,0.3130570143563962,8.55008899569576e-06,1.0,3.4641016151377544
119.0,0.09485887097516274,0.003724343979732314,0.1127942790322935,0.21002721213930675,0.31365925160635083,8.676962610643102e-06,1.0,3.4641016151377544
120.0,0.09504092446042066,0.0037386532464028076,0.11301075421699562,0.21043029711782155,0.3142612275665462,8.805324309912876e-06,1.0,3.4641016151377544
121.0,0.09522289443183947,0.003752983366140881,0.11322713009750854,0.21083319718818155,0.31486292738084193,8.93518323130671e-06,1.0,3.4641016151377544
122.0,0.09540477660364213,0.0037673339627337585,0.11344340157772341,0.2112359028612394,0.315464336877937,9.06654855858946e-06,1.0,3.4641016151377544
123.0,0.09558656688777999,0.0037817046730516148,0.11365956379664517,0.21163840508563833,0.316065442540336,9.199429521156155e-06,1.0,3.4641016151377544
124.0,0.09576826138502834,0.0037960951464935753,0.1138756121178046,0.21204069522809763,0.3166662314749085,9.333835391367451e-06,1.0,3.4641016151377544
125.0,0.09594985637653496,0.0038105050444615027,0.11409154211920877,0.2124427650546991,0.31726669138493996,9.469775484105547e-06,1.0,3.4641016151377544
126.0,0.0961313483157939,0.0038249340398599646,0.11430734958379735,0.21284460671311708,0.31786681054359467,9.607259155330894e-06,1.0,3.4641016151377544
127.0,0.09631273382102164,0.003839381816620916,0.11452303049037726,0.2132462127157379,0.318466577768706,9.746295800638904e-06,1.0,3.4641016151377544
128.0,0.09649400966791263,0.003853848069251691,0.11473858100500856,0.2136475759236204,0.31906598239882245,9.886894854815864e-06,1.0,3.4641016151377544
129.0,0.09667517278275199,0.0038683325024049375,0.1149539974728147,0.21404868953124645,0.31966501427043365,1.002906578984053e-05,1.0,3.4641016151377544
130.0,0.09685622023586571,0.0038828348304692974,0.11516927641019466,0.2144495470520192,0.32026366369631365,1.0172818114995152e-05,1.0,3.4641016151377544
131.0,0.09703714923539068,0.0038973547771797325,0.11538441449741475,0.2148501423044688,0.32086192144491943,1.0318161375089119e-05,1.0,3.4641016151377544
132.0,0.09721795712134493,0.003911892075246294,0.11559940857155782,0.21525046939912415,0.3214597787207854,1.046510514934873e-05,1.0,3.4641016151377544
133.0,0.09739864135998348,0.003926446466000462,0.11581425561981196,0.2156505227260155,0.3220572271458597,1.0613659051750268e-05,1.0,3.4641016151377544
134.0,0.0975791995384235,0.003941017699058009,0.11602895277307936,0.21605029694277408,0.3226542587417314,1.076383272879955e-05,1.0,3.4641016151377544
135.0,0.09775962935952359,0.003955605531997501,0.1162434972998874,0.21644978696329498,0.3232508659126997,1.0915635859642947e-05,1.0,3.4641016151377544
136.0,0.09793992863700533,0.003970209730053671,0.11645788660058781,0.2168489879469344,0.3238470414296408,1.1069078154846146e-05,1.0,3.4641016151377544
137.0,0.09812009529080223,0.003984830065824811,0.11667211820182627,0.2172478952882135,0.3244427784146316,1.1224169355950053e-05,1.0,3.4641016151377544
138.0,0.09830012734262555,0.003999466318993446,0.11688618975126978,0.21764650460699891,0.32503807032628457,1.1380919234360576e-05,1.0,3.4641016151377544
139.0,0.09848002291173481,0.004014118276059648,0.11710009901257754,0.2180448117391398,0.3256329109457654,1.1539337591459642e-05,1.0,3.4641016151377544
140.0,0.09865978021090249,0.004028785730086248,0.11731384386060255,0.218442812727532,0.3262272943634479,1.1699434257161911e-05,1.0,3.4641016151377544
141.0,0.09883939754256338,0.004043468480455451,0.11752742227681306,0.218840503813593,0.3268212149661822,1.1861219089359665e-05,1.0,3.4641016151377544
142.0,0.09901887329513781,0.004058166332636141,0.11774083234492058,0.21923788142912123,0.3274146674251381,1.2024701973922802e-05,1.0,3.4641016151377544
143.0,0.09919820593952167,0.004072879097961418,0.11795407224670613,0.2196349421885243,0.32800764668419724,1.2189892823810666e-05,1.0,3.4641016151377544
144.0,0.09937739402573324,0.004087606593415855,0.11816714025803322,0.2200316828813947,0.3286001479488666,1.2356801578405907e-05,1.0,3.4641016151377544
145.0,0.09955643617970905,0.004102348641431877,0.1183800347450378,0.22042810046541603,0.32919216667568396,1.2525438202848349e-05,1.0,3.4641016151377544
146.0,0.09973533110024296,0.004117105069695001,0.11859275416048863,0.22082419205958495,0.3297836985620959,1.2695812688034991e-05,1.0,3.4641016151377544
147.0,0.0999140775560586,0.00413187571095729,0.11880529704030618,0.22121995493773014,0.33037473953677804,1.2867935050175916e-05,1.0,3.4641016151377544
148.0,0.1000926743830111,0.004146660402858767,0.11901766200023531,0.2216153865223163,0.3309652857503827,1.304181532923998e-05,1.0,3.4641016151377544
149.0,0.10027112048141018,0.00416145898775633,0.11922984773266217,0.2220104843785169,0.3315553335666864,1.3217463590065037e-05,1.0,3.4641016151377544
150.0,0.10044941481345945,0.004176271312559829,0.11944185300356938,0.22240524620854496,0.33214487955412364,1.3394889920914643e-05,1.0,3.4641016151377544
