scenario_name,density,region_radius_m,coherence,frequency_khz,mean_abs_v,var_v,rms_abs_v,p90_abs_v,p95_abs_v,p99_abs_v,exceedance_probability,exceedance_threshold_v,sample_size,exceedance_probability_fixed_tau03,exceedance_tau_fixed_v
ppp,12.0,500.0,0.0,2.0,0.13975810742240574,0.011410971479650346,0.17590707794157417,0.26920831423537495,0.34944358366499495,0.5380597008520311,0.0,1.0,1024,0.0751953125,0.3
ppp,12.0,500.0,0.0,3.0,0.12157684716855954,0.007683118160643605,0.14988011184974107,0.23610180954394097,0.2907270425391618,0.41613992846598863,0.0,1.0,1024,0.04296875,0.3
ppp,12.0,500.0,0.0,4.0,0.11165517862483303,0.006126067962315428,0.1363559565111066,0.2135394015665128,0.25944383092840356,0.36370999107100643,0.0,1.0,1024,0.0263671875,0.3
ppp,12.0,500.0,0.0,5.0,0.1049565607130275,0.005205146014712496,0.12736179039028905,0.2015275851209607,0.24333900083526946,0.33237444555759427,0.0,1.0,1024,0.021484375,0.3
ppp,12.0,500.0,0.0,6.0,0.10014797474665804,0.004645712051044422,0.12114177189104376,0.19121425116796134,0.23073315196333968,0.32255808332209696,0.0,1.0,1024,0.0166015625,0.3
ppp,12.0,500.0,0.0,7.0,0.09680413350204227,0.004242206050755969,0.11667581717664201,0.18768545016872779,0.21978934635739455,0.3069778269290662,0.0,1.0,1024,0.01171875,0.3
ppp,12.0,500.0,0.0,8.0,0.09413732658644025,0.0039827838930302974,0.11333410850168808,0.1821972631166873,0.21243983938083807,0.29514163205644584,0.0,1.0,1024,0.009765625,0.3
ppp,12.0,500.0,0.0,9.0,0.09213979362320952,0.00376897890624501,0.1107191061884653,0.1762344921760835,0.2083534530189232,0.2844347389773634,0.0,1.0,1024,0.0078125,0.3
ppp,12.0,500.0,0.0,10.0,0.09040724611543638,0.0035698968534737144,0.10836681689359895,0.1734668624755534,0.20300175375462806,0.28275365184376233,0.0,1.0,1024,0.0068359375,0.3
ppp,12.0,500.0,0.0,11.0,0.08915186103899296,0.0034565761000038045,0.10679246427871077,0.16816391581146983,0.20227687225777546,0.28255290129856103,0.0,1.0,1024,0.0078125,0.3
ppp,12.0,500.0,0.0,12.0,0.08819269072799193,0.0033326248156046252,0.10540671474554104,0.16522285727717595,0.19798355974280527,0.27871524676081505,0.0,1.0,1024,0.0068359375,0.3
ppp,12.0,500.0,0.0,13.0,0.08742611104740435,0.0032511489163814145,0.10437659608003362,0.16247189341838478,0.19891452521839226,0.27176221953050517,0.0,1.0,1024,0.0048828125,0.3
ppp,12.0,500.0,0.0,14.0,0.08683979496743598,0.003202680780305658,0.10365245182962136,0.1591524146139778,0.1922558279015821,0.27585757741588585,0.0,1.0,1024,0.0068359375,0.3
ppp,12.0,500.0,0.0,15.0,0.08663634136862151,0.0031682688288129906,0.10331565454737879,0.15909249916496826,0.19516403606887422,0.26841243389717684,0.0,1.0,1024,0.005859375,0.3
ppp,12.0,500.0,0.0,16.0,0.08647324005736101,0.0031265697134918572,0.10297665249710657,0.1579577372623284,0.1923404657905313,0.26800909367924663,0.0,1.0,1024,0.0068359375,0.3
ppp,12.0,500.0,0.0,17.0,0.08616334655807137,0.0031173367109996438,0.10267160757037923,0.15552821406374656,0.19108914300892765,0.2656265301888062,0.0,1.0,1024,0.0068359375,0.3
ppp,12.0,500.0,0.0,18.0,0.08652783917137347,0.0031544703683886164,0.10315782723601583,0.156982738408608,0.19247709342970148,0.26178070414404075,0.0,1.0,1024,0.0087890625,0.3
ppp,12.0,500.0,0.0,19.0,0.08674306829270308,0.0031359160001487034,0.10324861208259051,0.15388880453115913,0.19189501803957312,0.2612213992534375,0.0,1.0,1024,0.005859375,0.3
ppp,12.0,500.0,0.0,20.0,0.08699852260898794,0.003130588589055634,0.10343757308252267,0.15647330288495034,0.1923485233175352,0.26730423507815626,0.0,1.0,1024,0.0068359375,0.3
ppp,12.0,500.0,0.0,21.0,0.08733217966979553,0.0031451209908536265,0.10378839336231713,0.15771516830543444,0.19325783732665497,0.26758819772831055,0.0,1.0,1024,0.0078125,0.3
ppp,12.0,500.0,0.0,22.0,0.08733315120879705,0.0031043377376224106,0.10359255300300799,0.1592866082816702,0.19305105047521004,0.2646659201250941,0.0,1.0,1024,0.005859375,0.3
ppp,12.0,500.0,0.0,23.0,0.08677471533881574,0.003106988497155516,0.10313505572446267,0.1547830653273739,0.18775849458750798,0.2782894828782501,0.0,1.0,1024,0.0068359375,0.3
ppp,12.0,500.0,0.0,24.0,0.08610314751437423,0.003037351645575764,0.10223063952386219,0.154490409734943,0.18316895227302582,0.2666696963592841,0.0,1.0,1024,0.005859375,0.3
ppp,12.0,500.0,0.0,25.0,0.08566289981941655,0.0030106316009146095,0.10172887498830412,0.1534513749507833,0.1853861489361463,0.26285254033254,0.0,1.0,1024,0.005859375,0.3
ppp,12.0,500.0,0.0,26.0,0.08524744627153413,0.0029911504571676836,0.10128315532696333,0.1523734495994062,0.1868686098598721,0.2593942727606543,0.0,1.0,1024,0.0068359375,0.3
ppp,12.0,500.0,0.0,27.0,0.0846404654993378,0.0029544449269133088,0.10059052304694464,0.1505656239961682,0.18399736877921138,0.25703295100414586,0.0,1.0,1024,0.0048828125,0.3
ppp,12.0,500.0,0.0,28.0,0.08438390283778437,0.002920425114074458,0.10020513046850989,0.14719161265718173,0.1836724938232318,0.25121939015804434,0.0,1.0,1024,0.005859375,0.3
ppp,12.0,500.0,0.0,29.0,0.08399569909256267,0.002914232715673545,0.09984743452749238,0.14763399352305323,0.1841299936366046,0.2516238136870951,0.0,1.0,1024,0.005859375,0.3
ppp,12.0,500.0,0.0,30.0,0.08393984110806389,0.002928856460275684,0.09987368715293682,0.1480955206554754,0.18433768254117092,0.2526679194040809,0.0,1.0,1024,0.005859375,0.3
ppp,12.0,500.0,0.0,31.0,0.08371021760855943,0.0028994463289587625,0.09953314453502982,0.14612798544707994,0.18183932673149075,0.2475207692370292,0.0,1.0,1024,0.0048828125,0.3
ppp,12.0,500.0,0.0,32.0,0.08363651112512378,0.0028961348751532904,0.09945451658087853,0.1473198942209972,0.18293998695024574,0.25062151617729755,0.0,1.0,1024,0.0048828125,0.3
ppp,12.0,500.0,0.0,33.0,0.08364014872768667,0.0029194432762100976,0.09957468430981664,0.14682863416969466,0.18171465214785332,0.2478936453648995,0.0,1.0,1024,0.0048828125,0.3
ppp,12.0,500.0,0.0,34.0,0.0836991124255112,0.0029627062355267156,0.09984111205482979,0.14982914182849733,0.1835202010394791,0.2511282062912262,0.0,1.0,1024,0.00390625,0.3
ppp,12.0,500.0,0.0,35.0,0.08353683833759229,0.00292699606417387,0.0995258731366618,0.14754694637458127,0.1826320783364681,0.244903058673642,0.0,1.0,1024,0.0048828125,0.3
ppp,12.0,500.0,0.0,36.0,0.08355742923411709,0.0030124673945699184,0.09997155282771396,0.14821794041381428,0.1805138632248833,0.24974326266329616,0.0,1.0,1024,0.005859375,0.3
ppp,12.0,500.0,0.0,37.0,0.08366203655717147,0.0030154523985214767,0.10007391647884563,0.14892747100790246,0.1827560250848069,0.25519678079159575,0.0,1.0,1024,0.00390625,0.3
ppp,12.0,500.0,0.0,38.0,0.08362647811266972,0.003002903823265539,0.09998145660468429,0.1492047406076603,0.1809637633645699,0.2591941871728584,0.0,1.0,1024,0.0048828125,0.3
ppp,12.0,500.0,0.0,39.0,0.08360849743363724,0.0029394849718866805,0.0996487120588982,0.1505570038103404,0.17777775191365405,0.25012032138032014,0.0,1.0,1024,0.00390625,0.3
ppp,12.0,500.0,0.0,40.0,0.08355454374590433,0.0030520190412617796,0.10016676505632005,0.14962162163830406,0.1780495136479893,0.26325449284424407,0.0,1.0,1024,0.0048828125,0.3
ppp,12.0,500.0,0.0,41.0,0.08371764263852513,0.0031393144045669934,0.10073707407662184,0.1502017068126982,0.18025655138336255,0.2646444399363565,0.0,1.0,1024,0.0048828125,0.3
ppp,12.0,500.0,0.0,42.0,0.08372868213784579,0.003144794220433946,0.10077344110912538,0.14936395101872565,0.17804086140974956,0.2632228838519616,0.0,1.0,1024,0.0048828125,0.3
ppp,12.0,500.0,0.0,43.0,0.08366375192766752,0.003133925128938304,0.10066552794056462,0.15132247037673746,0.17987783948338423,0.2546051921868431,0.0,1.0,1024,0.0048828125,0.3
ppp,12.0,500.0,0.0,44.0,0.08381295908807908,0.003145418715021921,0.10084657072068409,0.1523706471226436,0.18245259065135236,0.2616550189050765,0.0,1.0,1024,0.0048828125,0.3
ppp,12.0,500.0,0.0,45.0,0.08382124197085936,0.0031471028147597633,0.10086180357448064,0.151735851458476,0.18048054913915648,0.26046708759511406,0.0,1.0,1024,0.0048828125,0.3
ppp,12.0,500.0,0.0,46.0,0.08376872388746519,0.003154435662875771,0.10085452277716728,0.15292534562109533,0.18151232109163232,0.2610861890286456,0.0,1.0,1024,0.005859375,0.3
ppp,12.0,500.0,0.0,47.0,0.08391440283145826,0.003210007740835521,0.10125035675688146,0.1533373912099641,0.1836633839104781,0.25896258952746487,0.0,1.0,1024,0.0048828125,0.3
ppp,12.0,500.0,0.0,48.0,0.08398822612954095,0.0033485056540019206,0.10199278299168439,0.15070318343138694,0.18673106521410204,0.26537305113761483,0.0,1.0,1024,0.0048828125,0.3
ppp,12.0,500.0,0.0,49.0,0.08393371308652668,0.0032688202817157384,0.10155633153185044,0.1509767684991373,0.18407188216533293,0.254079099663174,0.0,1.0,1024,0.0048828125,0.3
ppp,12.0,500.0,0.0,50.0,0.08387244907996076,0.003280606857582771,0.10156374634806153,0.15136806553537385,0.18382750281734797,0.2607296257860255,0.0,1.0,1024,0.005859375,0.3
ppp,12.0,500.0,0.0,51.0,0.08400683043441586,0.0033390799827383217,0.10196189259902456,0.1514691430651757,0.18914299508263355,0.26630151946358316,0.0,1.0,1024,0.005859375,0.3
ppp,12.0,500.0,0.0,52.0,0.08411504085991663,0.0034085658989068983,0.10239094685455517,0.1514047604929396,0.19052836802790282,0.26068556474557286,0.0,1.0,1024,0.005859375,0.3
ppp,12.0,500.0,0.0,53.0,0.08408435095455735,0.00341124804072446,0.10237883627085058,0.15282587691464755,0.18679589309660657,0.26779348992692065,0.0,1.0,1024,0.005859375,0.3
ppp,12.0,500.0,0.0,54.0,0.08433776501636485,0.0035193067214317,0.10311239173536454,0.15278264324717483,0.18866485237695915,0.26527687199372113,0.0,1.0,1024,0.0068359375,0.3
ppp,12.0,500.0,0.0,55.0,0.08420942112743612,0.0034921793143670218,0.10287568187373004,0.15210755102113002,0.18951015048152217,0.26473568635401573,0.0,1.0,1024,0.005859375,0.3
ppp,12.0,500.0,0.0,56.0,0.08432592086360133,0.0035858886949128054,0.10342509185109366,0.15448605228522555,0.18891781389134224,0.2618208091329722,0.0,1.0,1024,0.005859375,0.3
ppp,12.0,500.0,0.0,57.0,0.08420355289056175,0.0035553714920831506,0.10317756447734547,0.15395717514680177,0.18687297429314415,0.2617463416896608,0.0,1.0,1024,0.005859375,0.3
ppp,12.0,500.0,0.0,58.0,0.08444904744011425,0.0035503762466746257,0.10335384782492277,0.15456230077402405,0.18834900583230849,0.26103582783223434,0.0,1.0,1024,0.005859375,0.3
ppp,12.0,500.0,0.0,59.0,0.08437448984153202,0.003509819488430557,0.10309643070664157,0.15443407467633666,0.1866556631412952,0.259389908926587,0.0,1.0,1024,0.005859375,0.3
ppp,12.0,500.0,0.0,60.0,0.08444383969089092,0.0035841733719537538,0.10351297229668674,0.15407845629339645,0.18846880736484045,0.26957323917945386,0.0,1.0,1024,0.005859375,0.3
ppp,12.0,500.0,0.0,61.0,0.08451587136612261,0.003620459898384095,0.10374677060592816,0.15541625370421538,0.1887994285941595,0.2662146018741378,0.0,1.0,1024,0.005859375,0.3
ppp,12.0,500.0,0.0,62.0,0.08460605646304752,0.003588363997063019,0.10366556220506115,0.15426907638622356,0.18765284847834604,0.2617914200635904,0.0,1.0,1024,0.005859375,0.3
ppp,12.0,500.0,0.0,63.0,0.08464429898413409,0.003572099910112973,0.10361832492676407,0.15387877307372172,0.19102873169207202,0.25523608773900447,0.0,1.0,1024,0.005859375,0.3
ppp,12.0,500.0,0.0,64.0,0.08479818684396316,0.003704258473256106,0.10437907340688454,0.15196524985902354,0.1871449876934555,0.26362022606011526,0.0,1.0,1024,0.005859375,0.3
ppp,12.0,500.0,0.0,65.0,0.08483016643465696,0.0036031978489862527,0.10391994508427078,0.15508460825173942,0.18850070314553957,0.25292168941623716,0.0,1.0,1024,0.0048828125,0.3
ppp,12.0,500.0,0.0,66.0,0.08488648101241322,0.003683477028880784,0.10435128982217505,0.15381627888550292,0.189197280743902,0.26639472542674336,0.0,1.0,1024,0.005859375,0.3
ppp,12.0,500.0,0.0,67.0,0.08475463613053279,0.0035652062664686536,0.10367523625286643,0.15393308741834943,0.19064320931590817,0.2673663631303672,0.0,1.0,1024,0.005859375,0.3
ppp,12.0,500.0,0.0,68.0,0.08496273907769968,0.0036533978575000736,0.10426919434370513,0.1547998834883182,0.1907323547212382,0.2718217017868235,0.0,1.0,1024,0.0068359375,0.3
ppp,12.0,500.0,0.0,69.0,0.08485279480483054,0.003592691959584702,0.1038878662105223,0.1550078136995145,0.1889082461306712,0.2586376313622289,0.0,1.0,1024,0.005859375,0.3
ppp,12.0,500.0,0.0,70.0,0.08526192016863998,0.0037100197141745565,0.10478365686030477,0.15678086009715714,0.19330184649864432,0.2606953765920911,0.0,1.0,1024,0.005859375,0.3
ppp,12.0,500.0,0.0,71.0,0.08509745942785718,0.0037323262747537356,0.10475640255292053,0.15726412455356958,0.1937882762720177,0.2692458431927062,0.0,1.0,1024,0.005859375,0.3
ppp,12.0,500.0,0.0,72.0,0.08528488721860804,0.003748232418936425,0.10498449603073359,0.15521206641222363,0.1912019083718011,0.2717905547671243,0.0,1.0,1024,0.0068359375,0.3
ppp,12.0,500.0,0.0,73.0,0.08525894170165513,0.003765215316342992,0.1050442880714093,0.15519480838917687,0.1941290524767659,0.2679061386337954,0.0,1.0,1024,0.005859375,0.3
ppp,12.0,500.0,0.0,74.0,0.08521256111004498,0.0036036230146409584,0.10423436854307752,0.15600729442671257,0.19240193510261586,0.2769386051979486,0.0,1.0,1024,0.0048828125,0.3
ppp,12.0,500.0,0.0,75.0,0.08539210116222441,0.003725315487442236,0.10496250010523665,0.1561409126961014,0.19098412538671328,0.2719276493222246,0.0,1.0,1024,0.005859375,0.3
ppp,12.0,500.0,0.0,76.0,0.08533065171514337,0.003681051394692612,0.10470134438880768,0.15507098083835477,0.19027170180517983,0.28123621886874045,0.0,1.0,1024,0.005859375,0.3
ppp,12.0,500.0,0.0,77.0,0.08569952309206758,0.0037390822063620792,0.10527815758536954,0.15417297057037052,0.18702027966710844,0.27650233616085995,0.0,1.0,1024,0.0048828125,0.3
ppp,12.0,500.0,0.0,78.0,0.08551797789432544,0.003706638916465462,0.10497601373456604,0.15159056279752467,0.1921424143841589,0.2729459686548953,0.0,1.0,1024,0.005859375,0.3
ppp,12.0,500.0,0.0,79.0,0.08558235203825883,0.00367949431065759,0.10489915772330136,0.1528337498875266,0.18840798580946128,0.27667291731170474,0.0,1.0,1024,0.005859375,0.3
ppp,12.0,500.0,0.0,80.0,0.08570742420583496,0.00370349323024614,0.10511544032274747,0.15137471748692616,0.18935352097964567,0.2801802417978522,0.0,1.0,1024,0.00390625,0.3
ppp,12.0,500.0,0.0,81.0,0.08576759522488389,0.0037358169278625497,0.10531807688389527,0.1534934618709879,0.1878617838878221,0.27572789758475114,0.0,1.0,1024,0.0068359375,0.3
ppp,12.0,500.0,0.0,82.0,0.08603073406464662,0.0037357121148935005,0.10553198244416452,0.15461505920173862,0.19188478319198188,0.27570599706976645,0.0,1.0,1024,0.005859375,0.3
ppp,12.0,500.0,0.0,83.0,0.08617874112635877,0.0037738202133399206,0.10583286651822241,0.15723014428358795,0.19172530729733459,0.27122257320324833,0.0,1.0,1024,0.005859375,0.3
ppp,12.0,500.0,0.0,84.0,0.08616645692605332,0.0038478684778274373,0.10617215631707232,0.15685795877424796,0.18923553026095905,0.280391141898789,0.0,1.0,1024,0.0068359375,0.3
ppp,12.0,500.0,0.0,85.0,0.08623258275859658,0.00385950505773772,0.10628058800625788,0.15795851069634861,0.19020991384598893,0.27761626124822547,0.0,1.0,1024,0.005859375,0.3
ppp,12.0,500.0,0.0,86.0,0.08621767867348544,0.0037664511109593763,0.1058297653158305,0.15677823594595358,0.19097733380664716,0.2774645954966983,0.0,1.0,1024,0.005859375,0.3
ppp,12.0,500.0,0.0,87.0,0.0863251936088987,0.003845596353764441,0.10629033542791314,0.15665931493679874,0.1903674150309641,0.28120419590158874,0.0,1.0,1024,0.005859375,0.3
ppp,12.0,500.0,0.0,88.0,0.08655737467663387,0.0037423444912656955,0.10599303563053977,0.15843714352396968,0.19186887999023916,0.27606028119763626,0.0,1.0,1024,0.0068359375,0.3
ppp,12.0,500.0,0.0,89.0,0.086519459748132,0.003917905049770135,0.1067872743583184,0.15993781307652988,0.1890895347136215,0.2803543052204892,0.0,1.0,1024,0.0068359375,0.3
ppp,12.0,500.0,0.0,90.0,0.08646813936745346,0.0038255797681583928,0.10631236472691098,0.15951987775971355,0.18611515344494778,0.2712098215106877,0.0,1.0,1024,0.0078125,0.3
ppp,12.0,500.0,0.0,91.0,0.08655099790679671,0.00387724111985656,0.10662230703993836,0.15876249979953388,0.1903394557115399,0.27279163735435885,0.0,1.0,1024,0.0068359375,0.3
ppp,12.0,500.0,0.0,92.0,0.08664187699687272,0.003867587075429056,0.10665084118266614,0.1599457221279807,0.1874530627041825,0.28137550083411517,0.0,1.0,1024,0.0087890625,0.3
ppp,12.0,500.0,0.0,93.0,0.08676993669483923,0.003859606773719154,0.1067175181858422,0.15934561964872376,0.19058314281045632,0.27707355504131825,0.0,1.0,1024,0.0068359375,0.3
ppp,12.0,500.0,0.0,94.0,0.08698982852481545,0.0038702688420190396,0.10694624401443856,0.16211322353913402,0.19292858555272377,0.2766509277546925,0.0,1.0,1024,0.0078125,0.3
ppp,12.0,500.0,0.0,95.0,0.0872655763845326,0.004044407283314724,0.10798003567807994,0.16314784308756977,0.19050187018994413,0.2634754807890728,0.0009765625,1.0,1024,0.0078125,0.3
ppp,12.0,500.0,0.0,96.0,0.08712754676140477,0.003867487506644737,0.10704530307914267,0.15983245701030221,0.19654618735679996,0.2805559941057376,0.0,1.0,1024,0.0078125,0.3
ppp,12.0,500.0,0.0,97.0,0.08742352851620838,0.003930035457228307,0.10757745486602946,0.16212511198503668,0.1980993664059438,0.272116408230068,0.0,1.0,1024,0.0087890625,0.3
ppp,12.0,500.0,0.0,98.0,0.0872944982866471,0.003897873550379213,0.10732289122781144,0.16069149780861702,0.19581665280285052,0.2722151337110089,0.0,1.0,1024,0.005859375,0.3
ppp,12.0,500.0,0.0,99.0,0.08770397156314168,0.003960831746623114,0.10794822080317709,0.16168858095019714,0.1954071556968036,0.278125502573912,0.0,1.0,1024,0.0078125,0.3
ppp,12.0,500.0,0.0,100.0,0.08786599498037122,0.003937934705631914,0.10797392175670259,0.16161641042903024,0.1957334071800194,0.27910051516861734,0.0,1.0,1024,0.0068359375,0.3
ppp,12.0,500.0,0.0,101.0,0.08781590436209795,0.0038869150305333978,0.1076965556063263,0.1621887085641646,0.1961420422015725,0.2731906383171958,0.0,1.0,1024,0.0078125,0.3
ppp,12.0,500.0,0.0,102.0,0.08811886254951413,0.0040344595507345905,0.10862501317723627,0.16092033380661283,0.19302763090256944,0.27676608371866274,0.0,1.0,1024,0.0068359375,0.3
ppp,12.0,500.0,0.0,103.0,0.08816729312874495,0.003993718131864844,0.10847667818252402,0.16165031115836692,0.19516410577200277,0.2603379301185389,0.0,1.0,1024,0.0078125,0.3
ppp,12.0,500.0,0.0,104.0,0.08851544957559704,0.004090096743702505,0.10920202176366775,0.16411954270976006,0.19866857679788058,0.2718902715859115,0.0,1.0,1024,0.0078125,0.3
ppp,12.0,500.0,0.0,105.0,0.08863570212951966,0.0040948922029964835,0.10932145212623832,0.16429533977430505,0.19692680740960966,0.2735684825725211,0.0,1.0,1024,0.0068359375,0.3
ppp,12.0,500.0,0.0,106.0,0.08862505837549842,0.00398660107686108,0.10881636847883494,0.16322105547252194,0.19423800359180426,0.2679932924685009,0.0,1.0,1024,0.0068359375,0.3
ppp,12.0,500.0,0.0,107.0,0.08894869950836061,0.004008249621255639,0.10917930557337444,0.16507082022845287,0.19733448057609587,0.2744029242293112,0.0,1.0,1024,0.0068359375,0.3
ppp,12.0,500.0,0.0,108.0,0.08912140247979207,0.0040240472886537496,0.10939228340526967,0.16410464634930055,0.19880760266082334,0.2813605217963019,0.0,1.0,1024,0.0068359375,0.3
ppp,12.0,500.0,0.0,109.0,0.0894906508596219,0.004100995210514534,0.11004349958899563,0.16267724145540613,0.20169995616745706,0.2720929632047734,0.0,1.0,1024,0.005859375,0.3
ppp,12.0,500.0,0.0,110.0,0.08944509694076734,0.004104217113917527,0.11002110016110907,0.16323117941047124,0.19813224957181513,0.267059951935932,0.0,1.0,1024,0.0078125,0.3
ppp,12.0,500.0,0.0,111.0,0.08961712512045883,0.004121675839240769,0.11024021477708007,0.16303049287256613,0.2006902456441862,0.27359170527939997,0.0,1.0,1024,0.0068359375,0.3
ppp,12.0,500.0,0.0,112.0,0.08969122111717986,0.0041255675262605075,0.11031809766194918,0.16526667310899848,0.19874500297858763,0.2741450311166189,0.0,1.0,1024,0.0078125,0.3
ppp,12.0,500.0,0.0,113.0,0.09020732173441767,0.004195859331193725,0.11105503241947422,0.16801095164995608,0.2016530635458676,0.27509746076128444,0.0,1.0,1024,0.0068359375,0.3
ppp,12.0,500.0,0.0,114.0,0.09012219966375,0.00412027056370671,0.1106448436934118,0.1671981371839899,0.19678421418920378,0.2849338836337473,0.0,1.0,1024,0.005859375,0.3
ppp,12.0,500.0,0.0,115.0,0.09043118128857322,0.00417073451598603,0.11112395360691962,0.16695229413255333,0.20271085388069454,0.2848853123112328,0.0,1.0,1024,0.0068359375,0.3
ppp,12.0,500.0,0.0,116.0,0.09073554024796507,0.00424370623273645,0.11169890105469497,0.16547705560913317,0.2044550509124458,0.2924522776238102,0.0,1.0,1024,0.0078125,0.3
ppp,12.0,500.0,0.0,117.0,0.09096124500245474,0.004340392773482837,0.11231358273102783,0.16739617505394908,0.2033974251364016,0.28339596531203276,0.0,1.0,1024,0.0078125,0.3
ppp,12.0,500.0,0.0,118.0,0.09095978650307243,0.004200016807162486,0.11168571783288588,0.16567434013661675,0.20207442230230915,0.28498169820721947,0.0,1.0,1024,0.005859375,0.3
ppp,12.0,500.0,0.0,119.0,0.09115727983985775,0.004253929977197138,0.11208737504732312,0.16601739459472142,0.20027807279408572,0.2941826595784304,0.0,1.0,1024,0.0087890625,0.3
ppp,12.0,500.0,0.0,120.0,0.0913323573255554,0.004281105472661103,0.11235081204559243,0.16792069853452266,0.20369357356958742,0.2836101126454213,0.0,1.0,1024,0.0068359375,0.3
ppp,12.0,500.0,0.0,121.0,0.091594706747837,0.004286042023520924,0.11258611072305137,0.16923937174866466,0.20512821539151885,0.28177471560614725,0.0,1.0,1024,0.0078125,0.3
ppp,12.0,500.0,0.0,122.0,0.09170298966550877,0.004236479420040367,0.11245406944007307,0.16844372051195297,0.20361449968240547,0.2832552881136559,0.0,1.0,1024,0.0068359375,0.3
ppp,12.0,500.0,0.0,123.0,0.0917807602785845,0.0042832121993975555,0.1127249757450076,0.1675023596825813,0.2048557669304935,0.2813072871855315,0.0,1.0,1024,0.0078125,0.3
ppp,12.0,500.0,0.0,124.0,0.09214715943415995,0.004406687816671473,0.11356842346557412,0.16710924475285546,0.20588090311290186,0.2873134155896502,0.0009765625,1.0,1024,0.0068359375,0.3
ppp,12.0,500.0,0.0,125.0,0.09229234228920827,0.004381018451307335,0.11357330186507618,0.16912783599541173,0.20886303488537977,0.2793543886171765,0.0,1.0,1024,0.0078125,0.3
ppp,12.0,500.0,0.0,126.0,0.0924785167516559,0.004295340554226706,0.11334732733864088,0.16932333134547717,0.2082713937137966,0.29314354265479575,0.0,1.0,1024,0.0087890625,0.3
ppp,12.0,500.0,0.0,127.0,0.09270117808967712,0.004495640555168961,0.11440781867679758,0.16865087477041996,0.20958973058932684,0.2933110457482676,0.0009765625,1.0,1024,0.0087890625,0.3
ppp,12.0,500.0,0.0,128.0,0.09280911238130449,0.004467979735782907,0.11437443366761872,0.16976719413662003,0.20887813896103935,0.2840959757942114,0.0009765625,1.0,1024,0.0078125,0.3
ppp,12.0,500.0,0.0,129.0,0.09299698864875525,0.004422989883928931,0.11433035371967343,0.17186585265181825,0.21419038175691663,0.2952521736236477,0.0,1.0,1024,0.009765625,0.3
ppp,12.0,500.0,0.0,130.0,0.09300874989451713,0.004397543156836317,0.1142285897390717,0.16814851562047842,0.2136607403599812,0.28807265522632974,0.0,1.0,1024,0.0078125,0.3
ppp,12.0,500.0,0.0,131.0,0.0932823177679593,0.004592216951728889,0.11529877605547868,0.17136167418428708,0.2122361457999526,0.29634781490259193,0.0009765625,1.0,1024,0.0087890625,0.3
ppp,12.0,500.0,0.0,132.0,0.0933368981055108,0.004548500782885496,0.11515327755146182,0.17149276124623686,0.21515450229973046,0.2981293957910962,0.0009765625,1.0,1024,0.009765625,0.3
ppp,12.0,500.0,0.0,133.0,0.09342224312291705,0.004607038161730395,0.11547620392032212,0.17098121368654412,0.20670475899579954,0.2973194573031652,0.0009765625,1.0,1024,0.009765625,0.3
ppp,12.0,500.0,0.0,134.0,0.09338088052220239,0.004644259249716873,0.11560384118539795,0.16986975018856282,0.21047977038567406,0.2927943273782557,0.0009765625,1.0,1024,0.0087890625,0.3
ppp,12.0,500.0,0.0,135.0,0.093433695069315,0.004478051259224747,0.11492565698542029,0.16987867583231,0.20647160116641836,0.295123897767418,0.0,1.0,1024,0.009765625,0.3
ppp,12.0,500.0,0.0,136.0,0.09379177539031569,0.004605532456622213,0.11576886277185952,0.17245193006063786,0.2070852358763744,0.30053803424247055,0.0009765625,1.0,1024,0.01171875,0.3
ppp,12.0,500.0,0.0,137.0,0.09387960042924383,0.004615215254305928,0.11588181320233303,0.17208985624236509,0.20633555061917433,0.30018046340022975,0.0009765625,1.0,1024,0.0107421875,0.3
ppp,12.0,500.0,0.0,138.0,0.09380221220432897,0.00463954974941882,0.11592413365578706,0.17008028637572264,0.20543532069414366,0.3056950653204741,0.0009765625,1.0,1024,0.0107421875,0.3
ppp,12.0,500.0,0.0,139.0,0.0938308137147461,0.004667412064391999,0.11606736693301603,0.1709867564058727,0.20170745216671152,0.29818844529822547,0.0009765625,1.0,1024,0.0107421875,0.3
ppp,12.0,500.0,0.0,140.0,0.09410392455550502,0.004786630051000889,0.11679973744726085,0.1703415043924475,0.20514003902765945,0.306397891529549,0.0009765625,1.0,1024,0.0107421875,0.3
ppp,12.0,500.0,0.0,141.0,0.09410126605743707,0.004782187487022894,0.11677857577756055,0.1706571320740128,0.20552078434604798,0.3112884697823864,0.0009765625,1.0,1024,0.0107421875,0.3
ppp,12.0,500.0,0.0,142.0,0.09423683270341009,0.004853483560628196,0.11719242381058043,0.17208836758557183,0.20836492139145352,0.30534858013795807,0.0009765625,1.0,1024,0.0107421875,0.3
ppp,12.0,500.0,0.0,143.0,0.09408939130954239,0.0047811771843365245,0.11676468105269125,0.17087334461462267,0.20638888304005767,0.30469327694727344,0.0009765625,1.0,1024,0.0107421875,0.3
ppp,12.0,500.0,0.0,144.0,0.09423648918784568,0.004831568253381037,0.1170986086502824,0.17142366491432035,0.20230372172892863,0.3187197096269387,0.0009765625,1.0,1024,0.01171875,0.3
ppp,12.0,500.0,0.0,145.0,0.09429255015091428,0.004830415270246698,0.11713880776330866,0.17063926328583529,0.20332546324690665,0.325654956514142,0.0009765625,1.0,1024,0.01171875,0.3
ppp,12.0,500.0,0.0,146.0,0.09433030504492952,0.00479699895672998,0.11702651582696734,0.17134908113108058,0.20558366436039094,0.3103038058571137,0.0009765625,1.0,1024,0.01171875,0.3
ppp,12.0,500.0,0.0,147.0,0.09438617347795003,0.004951636100644373,0.1177301399152063,0.1747295524123905,0.20636981529899168,0.3257331566638054,0.0009765625,1.0,1024,0.0107421875,0.3
ppp,12.0,500.0,0.0,148.0,0.09452339691230965,0.004828127343683682,0.11731496028864226,0.17221520234717516,0.20429789770564047,0.30804835564585364,0.0009765625,1.0,1024,0.01171875,0.3
ppp,12.0,500.0,0.0,149.0,0.09479700038787402,0.004895176210785997,0.11782040355271486,0.17193267956667438,0.20579084387257307,0.322772228333805,0.0009765625,1.0,1024,0.01171875,0.3
ppp,12.0,500.0,0.0,150.0,0.09460483872011363,0.004869897159324498,0.11755837983139786,0.1701664785097876,0.20720754992598645,0.3234405087320598,0.0009765625,1.0,1024,0.01171875,0.3
clustered,12.0,500.0,0.0,2.0,0.15042111230661917,0.017012685594525394,0.19909594828144023,0.2785929513137884,0.36729189601659484,0.6438541527709924,0.0029296875,1.0,1024,0.080078125,0.3
clustered,12.0,500.0,0.0,3.0,0.13033504147058375,0.010349056131408817,0.16533686572131337,0.2405636923936596,0.30522033576650237,0.5186016307417152,0.001953125,1.0,1024,0.05078125,0.3
clustered,12.0,500.0,0.0,4.0,0.11848934325066975,0.007400980251430944,0.14642644814174105,0.21594141382577242,0.2703300182750977,0.4375364937487547,0.0,1.0,1024,0.0341796875,0.3
clustered,12.0,500.0,0.0,5.0,0.11154548900845354,0.0059507404562048226,0.13562129838023174,0.20157315389624936,0.2498530946257869,0.3814978276499101,0.0,1.0,1024,0.025390625,0.3
clustered,12.0,500.0,0.0,6.0,0.10662247474712319,0.005158746389482806,0.1285577633232771,0.1959267782048334,0.23850589888993462,0.34843162499453834,0.0,1.0,1024,0.0205078125,0.3
clustered,12.0,500.0,0.0,7.0,0.1029534223329414,0.004607953221127092,0.12331812677458286,0.1884720052792602,0.22804974212892307,0.33080988258807237,0.0,1.0,1024,0.0185546875,0.3
clustered,12.0,500.0,0.0,8.0,0.10037175993217527,0.004252725944597623,0.11969634972078241,0.18255990695990693,0.21868768954847342,0.3136757159122632,0.0,1.0,1024,0.013671875,0.3
clustered,12.0,500.0,0.0,9.0,0.09834163146552032,0.003965221156972643,0.11677455902838108,0.17952994069406186,0.21242427495259078,0.3036317771288519,0.0,1.0,1024,0.01171875,0.3
clustered,12.0,500.0,0.0,10.0,0.09653707080130629,0.003725090085394898,0.1142125042378956,0.17468960622594093,0.21684393484878078,0.2966960218029869,0.0,1.0,1024,0.0087890625,0.3
clustered,12.0,500.0,0.0,11.0,0.09546406961698299,0.0036080715309666916,0.11278945038789251,0.1715161283190283,0.20823450871771257,0.2911882387249164,0.0,1.0,1024,0.0078125,0.3
clustered,12.0,500.0,0.0,12.0,0.09446083199289002,0.0034371552120523283,0.1111755548348706,0.17001477678172264,0.20259183031237943,0.28738482882726774,0.0,1.0,1024,0.0068359375,0.3
clustered,12.0,500.0,0.0,13.0,0.09360843042128854,0.003349574240386869,0.11005504298451792,0.167064861800265,0.20194703528378116,0.27812877593585633,0.0,1.0,1024,0.005859375,0.3
clustered,12.0,500.0,0.0,14.0,0.09301268831704383,0.003277485420340913,0.10921925475072816,0.16565707275233707,0.19838119979228444,0.27765373117261216,0.0,1.0,1024,0.0068359375,0.3
clustered,12.0,500.0,0.0,15.0,0.09291623602461622,0.00324376367027267,0.10898252422868016,0.16570061494419877,0.19833100855051425,0.27316278551788875,0.0,1.0,1024,0.0048828125,0.3
clustered,12.0,500.0,0.0,16.0,0.09266584226966337,0.003217013028137778,0.10864608300202962,0.1652744087670191,0.1965238122949215,0.2809239837920761,0.0,1.0,1024,0.005859375,0.3
clustered,12.0,500.0,0.0,17.0,0.09263766780932375,0.0031846065895691595,0.10847278039545119,0.166173358350682,0.1937750942017585,0.2681147995748947,0.0,1.0,1024,0.0048828125,0.3
clustered,12.0,500.0,0.0,18.0,0.09289964508430894,0.003178506544097579,0.10866853546858973,0.16549963624944036,0.19555029348093578,0.2661820866777682,0.0,1.0,1024,0.00390625,0.3
clustered,12.0,500.0,0.0,19.0,0.09329750046472497,0.0032123663053700183,0.10916405039359513,0.16814463560889098,0.19545731540809816,0.26586784128475427,0.0,1.0,1024,0.0048828125,0.3
clustered,12.0,500.0,0.0,20.0,0.0937771859725611,0.003220212323396507,0.10961009502928468,0.16682641663408232,0.19785827567096764,0.26719233605988996,0.0,1.0,1024,0.0048828125,0.3
clustered,12.0,500.0,0.0,21.0,0.09398601692849676,0.003226899687508956,0.10981926545735331,0.16625538947130927,0.19932941839179866,0.272281383068183,0.0,1.0,1024,0.0048828125,0.3
clustered,12.0,500.0,0.0,22.0,0.09396934294224724,0.0032187897165938516,0.10976806060777207,0.16498295106532337,0.19877362549109154,0.26865890462274783,0.0,1.0,1024,0.0048828125,0.3
clustered,12.0,500.0,0.0,23.0,0.09367651226070488,0.0032275012074141343,0.10955724602573817,0.16639514419784016,0.19941921725064657,0.2720248137644924,0.0,1.0,1024,0.00390625,0.3
clustered,12.0,500.0,0.0,24.0,0.09268794693571089,0.0031178399942143214,0.10820764992074951,0.16348810995719815,0.19591497388559093,0.26612386573680064,0.0,1.0,1024,0.00390625,0.3
clustered,12.0,500.0,0.0,25.0,0.09221824833332525,0.003117948295917868,0.10780609269231825,0.16249301419530882,0.19410964217100268,0.26952897695879047,0.0,1.0,1024,0.00390625,0.3
clustered,12.0,500.0,0.0,26.0,0.09153174501002406,0.00305646908605438,0.10693235913714073,0.16010156850353155,0.19448779545058686,0.2592964163070236,0.0,1.0,1024,0.0048828125,0.3
clustered,12.0,500.0,0.0,27.0,0.09093245057220883,0.003002855366062061,0.1061676312871737,0.1597480845237645,0.19265442641993333,0.26375813082322025,0.0,1.0,1024,0.0029296875,0.3
clustered,12.0,500.0,0.0,28.0,0.09082771122737572,0.00298360989846735,0.10598718330661921,0.16058056430046638,0.1892738836249328,0.2638434355246058,0.0,1.0,1024,0.0029296875,0.3
clustered,12.0,500.0,0.0,29.0,0.09049491043600968,0.0029611261991422146,0.10559571494129688,0.16210473052263263,0.18945839900064873,0.25255545660211115,0.0,1.0,1024,0.00390625,0.3
clustered,12.0,500.0,0.0,30.0,0.09022658128998223,0.002957065192643567,0.10534657642240368,0.15910682944365268,0.1891661491555265,0.2593145902838583,0.0,1.0,1024,0.0029296875,0.3
clustered,12.0,500.0,0.0,31.0,0.09002413316924365,0.002939902707860223,0.10509161365558119,0.15942954606818974,0.18724320702250707,0.26084719949082136,0.0,1.0,1024,0.0029296875,0.3
clustered,12.0,500.0,0.0,32.0,0.0902270565813835,0.0029638889530052433,0.10537936559092308,0.1613937711271874,0.1862178138364764,0.2625831284079385,0.0,1.0,1024,0.0029296875,0.3
clustered,12.0,500.0,0.0,33.0,0.09007829343545581,0.002958669877544601,0.1052272247367034,0.1592916261199161,0.18577101994249923,0.26181988900559744,0.0,1.0,1024,0.0029296875,0.3
clustered,12.0,500.0,0.0,34.0,0.09003433845656386,0.0029637096453972536,0.10521355305619304,0.15967055479310818,0.1863173666834302,0.2665545715723257,0.0,1.0,1024,0.0029296875,0.3
clustered,12.0,500.0,0.0,35.0,0.09029888464741612,0.0029752329020349315,0.10549465138386065,0.160157619147627,0.18393403507973802,0.26863782957047316,0.0,1.0,1024,0.0029296875,0.3
clustered,12.0,500.0,0.0,36.0,0.09002972890142577,0.0029216781330216757,0.10500966726490421,0.16121721462524644,0.1860847055040861,0.26537405094730465,0.0,1.0,1024,0.0029296875,0.3
clustered,12.0,500.0,0.0,37.0,0.09009622898429094,0.0029131582837012794,0.10502613370438363,0.15855859516908705,0.18843512242102753,0.25775182007962155,0.0,1.0,1024,0.0029296875,0.3
clustered,12.0,500.0,0.0,38.0,0.0902962014650989,0.002985990252179433,0.10554332878588377,0.16106632346791921,0.18693660193839182,0.2651228496564796,0.0,1.0,1024,0.0029296875,0.3
clustered,12.0,500.0,0.0,39.0,0.09026034684812867,0.0029424829779138083,0.1053062827710593,0.16175849092644082,0.18780959103650943,0.26590580397262426,0.0,1.0,1024,0.00390625,0.3
clustered,12.0,500.0,0.0,40.0,0.09052082156195744,0.002985919446327452,0.10573522867322505,0.16227516390722235,0.19135502886077815,0.2688939352285973,0.0,1.0,1024,0.00390625,0.3
clustered,12.0,500.0,0.0,41.0,0.0906066275497773,0.0030005381191658253,0.10587775533656675,0.1609019082680695,0.1911644695797134,0.2658486649907589,0.0,1.0,1024,0.0048828125,0.3
clustered,12.0,500.0,0.0,42.0,0.09055716663233057,0.002975176392707031,0.1057155467335941,0.16232276121057204,0.19055278432129158,0.26880090557552067,0.0,1.0,1024,0.0048828125,0.3
clustered,12.0,500.0,0.0,43.0,0.09071066027005087,0.00301258937525694,0.10602364482456507,0.16384657167638791,0.19197359007140322,0.26425973400851804,0.0,1.0,1024,0.0048828125,0.3
clustered,12.0,500.0,0.0,44.0,0.0907654361025549,0.002996746819640762,0.10599580751391888,0.16166380484245166,0.1943369655746619,0.26513954111962124,0.0,1.0,1024,0.0048828125,0.3
clustered,12.0,500.0,0.0,45.0,0.09084338868682781,0.003008497192631185,0.10611794598811862,0.1660682259742651,0.1914263669335807,0.2656768805127446,0.0,1.0,1024,0.0048828125,0.3
clustered,12.0,500.0,0.0,46.0,0.0913599910719528,0.0030740986715611963,0.1068678934022211,0.16514118765899416,0.19224041302985573,0.26718433624086163,0.0,1.0,1024,0.0048828125,0.3
clustered,12.0,500.0,0.0,47.0,0.09106351454374369,0.0030327377278003844,0.10642039940189571,0.16271856320404865,0.19290952420305565,0.2665297023093687,0.0,1.0,1024,0.0048828125,0.3
clustered,12.0,500.0,0.0,48.0,0.09114351288876428,0.003034611593260102,0.1064976597628532,0.1652870918039061,0.19364600821702113,0.2594871788569299,0.0,1.0,1024,0.00390625,0.3
clustered,12.0,500.0,0.0,49.0,0.09131647057866264,0.0030455160419691294,0.10669683144739064,0.16625512456819463,0.19020025265878449,0.2616006549555237,0.0,1.0,1024,0.00390625,0.3
clustered,12.0,500.0,0.0,50.0,0.09144553222689931,0.0030828630534533628,0.1069820004379907,0.16678823542653082,0.1955568691154702,0.2580874541471603,0.0,1.0,1024,0.0029296875,0.3
clustered,12.0,500.0,0.0,51.0,0.09166429263692939,0.0031028765068621665,0.10726238414043758,0.16973727082028903,0.19588015794628735,0.2622256518618294,0.0,1.0,1024,0.00390625,0.3
clustered,12.0,500.0,0.0,52.0,0.09179986047472122,0.0031318977968490588,0.10751331164105839,0.16718559812365194,0.1978129188905994,0.2689061147514831,0.0,1.0,1024,0.00390625,0.3
clustered,12.0,500.0,0.0,53.0,0.09183824593396821,0.0031236631614795156,0.10750779775303532,0.1684031959030906,0.19937825792354658,0.27163991407239413,0.0,1.0,1024,0.0029296875,0.3
clustered,12.0,500.0,0.0,54.0,0.0917896032678012,0.003127474739801861,0.10748398023827645,0.167531612779869,0.1993413747773169,0.26429631410843085,0.0,1.0,1024,0.00390625,0.3
clustered,12.0,500.0,0.0,55.0,0.09217124880531359,0.0031751754093864706,0.10803108124848836,0.16913546612978306,0.199698212660561,0.2618271177281613,0.0,1.0,1024,0.00390625,0.3
clustered,12.0,500.0,0.0,56.0,0.09225547722498677,0.003159341360983735,0.10802969239516415,0.17016787250676224,0.20076761222183792,0.26345842162560695,0.0,1.0,1024,0.00390625,0.3
clustered,12.0,500.0,0.0,57.0,0.09259724561244856,0.003209626052219088,0.10855356257272818,0.17012456641058274,0.20265475430111043,0.2659291613336442,0.0,1.0,1024,0.00390625,0.3
clustered,12.0,500.0,0.0,58.0,0.09236516075853135,0.0031834839990788704,0.10823496163914971,0.16912555036224383,0.20288445246134504,0.26219826849425554,0.0,1.0,1024,0.00390625,0.3
clustered,12.0,500.0,0.0,59.0,0.09291176994828791,0.0032751827596762977,0.10912277376698172,0.16966415914717375,0.19730358002156878,0.27238420542632596,0.0,1.0,1024,0.0029296875,0.3
clustered,12.0,500.0,0.0,60.0,0.09275982370317437,0.0032313775025250967,0.10879229014948204,0.16824597317491466,0.2019999548527681,0.26887168370943637,0.0,1.0,1024,0.0029296875,0.3
clustered,12.0,500.0,0.0,61.0,0.09291355772365367,0.0032271795573465835,0.10890412648845454,0.16756573980855285,0.20145133050353561,0.26569891297415016,0.0,1.0,1024,0.00390625,0.3
clustered,12.0,500.0,0.0,62.0,0.09287586059887368,0.0032456319658601177,0.10895667693097809,0.17108582478328715,0.2050859584145999,0.2676878339344695,0.0,1.0,1024,0.0048828125,0.3
clustered,12.0,500.0,0.0,63.0,0.09316976405953599,0.0032731024708430334,0.10933301150957399,0.16746486893828483,0.20247902938071233,0.2671649169115408,0.0,1.0,1024,0.0048828125,0.3
clustered,12.0,500.0,0.0,64.0,0.09334590581178795,0.0032774534136271174,0.1095030207138155,0.16841268174609889,0.20053809723926752,0.2679864151023064,0.0,1.0,1024,0.0048828125,0.3
clustered,12.0,500.0,0.0,65.0,0.09340139393700726,0.0032771285160455186,0.10954884255628417,0.17005324760447682,0.20432789044608352,0.27413308972428574,0.0,1.0,1024,0.00390625,0.3
clustered,12.0,500.0,0.0,66.0,0.09351683020458788,0.0033135324488675717,0.10981315941352973,0.17221587206706268,0.20252895793247414,0.27491272047790255,0.0,1.0,1024,0.00390625,0.3
clustered,12.0,500.0,0.0,67.0,0.09361292074088799,0.0033174978944353426,0.10991304210181392,0.17214256609912748,0.1984668010066429,0.2723783083041536,0.0,1.0,1024,0.0048828125,0.3
clustered,12.0,500.0,0.0,68.0,0.09373987326073689,0.0033221812533902723,0.11004246949396078,0.17364889221681265,0.19945328792508007,0.27277175757196737,0.0,1.0,1024,0.0048828125,0.3
clustered,12.0,500.0,0.0,69.0,0.09408423512276697,0.003344710648789165,0.11043800952310423,0.17392378300076106,0.20248076098191012,0.2714510588886667,0.0,1.0,1024,0.00390625,0.3
clustered,12.0,500.0,0.0,70.0,0.0941879650909216,0.0033483434214364887,0.11054282513761422,0.17255061688790027,0.20416341226042212,0.27348292581084443,0.0,1.0,1024,0.005859375,0.3
clustered,12.0,500.0,0.0,71.0,0.09436794175623696,0.0033765950669866892,0.11082374970327985,0.1717351524515206,0.19984754951327216,0.2740976563594082,0.0,1.0,1024,0.005859375,0.3
clustered,12.0,500.0,0.0,72.0,0.09441158724515103,0.0033802070899472615,0.110877206386597,0.17401491265266658,0.204679324632514,0.2701052101800354,0.0,1.0,1024,0.0068359375,0.3
clustered,12.0,500.0,0.0,73.0,0.09467281367266706,0.003379821976999957,0.11109799109659675,0.17383602625142103,0.20422014952983056,0.2809838449821479,0.0,1.0,1024,0.00390625,0.3
clustered,12.0,500.0,0.0,74.0,0.09471063690442212,0.003368109351277964,0.1110775138996154,0.17736430354975324,0.20822426501472163,0.27746191309237545,0.0,1.0,1024,0.001953125,0.3
clustered,12.0,500.0,0.0,75.0,0.09495257664255836,0.0033789018684814856,0.11133235683996996,0.17508402423610656,0.2082269676353348,0.27508023274316457,0.0,1.0,1024,0.00390625,0.3
clustered,12.0,500.0,0.0,76.0,0.09511339810125626,0.0034234968399220796,0.1116694019787432,0.17368757145249775,0.20697911134765726,0.28396991385906517,0.0,1.0,1024,0.00390625,0.3
clustered,12.0,500.0,0.0,77.0,0.09534483564216167,0.0034418393656323537,0.11194854643658031,0.1739949817263419,0.21200763781985793,0.28372114445266744,0.0,1.0,1024,0.0048828125,0.3
clustered,12.0,500.0,0.0,78.0,0.09540755994109514,0.003448483268870276,0.1120316284036965,0.17320943846707937,0.2103828531350712,0.2842109052091757,0.0,1.0,1024,0.0048828125,0.3
clustered,12.0,500.0,0.0,79.0,0.0955848386884221,0.0034544543826452406,0.11220924992948182,0.17597197641091528,0.208675899160602,0.2885224623535058,0.0,1.0,1024,0.005859375,0.3
clustered,12.0,500.0,0.0,80.0,0.0955119564429372,0.003420534556400868,0.11199584090473359,0.17418665998863425,0.20799402410459975,0.28374426566569005,0.0,1.0,1024,0.0048828125,0.3
clustered,12.0,500.0,0.0,81.0,0.09600548735749195,0.003502297194918555,0.11278009929800605,0.17552309653891013,0.21371725695351906,0.28410275736967155,0.0,1.0,1024,0.0048828125,0.3
clustered,12.0,500.0,0.0,82.0,0.09579399294707436,0.003466055501643492,0.11243907055106611,0.17690388122710743,0.2091045325534311,0.28548581787424276,0.0,1.0,1024,0.00390625,0.3
clustered,12.0,500.0,0.0,83.0,0.09607175318491884,0.0034702615612036223,0.11269446890254901,0.17595129171468316,0.21067850473524552,0.27397992952126815,0.0,1.0,1024,0.0048828125,0.3
clustered,12.0,500.0,0.0,84.0,0.0963437860468134,0.0035002810047520734,0.11305930352954696,0.17609860924428833,0.21460160724080707,0.2821477609964022,0.0,1.0,1024,0.0029296875,0.3
clustered,12.0,500.0,0.0,85.0,0.09637678678768805,0.0035235635691352627,0.11319032026041248,0.17454903017309809,0.21411434650138964,0.2872498136885756,0.0,1.0,1024,0.0048828125,0.3
clustered,12.0,500.0,0.0,86.0,0.09646547501335925,0.0034863972889720867,0.11310165851359176,0.178149991675618,0.2138601640401728,0.2711025327350067,0.0,1.0,1024,0.0048828125,0.3
clustered,12.0,500.0,0.0,87.0,0.09672867235751557,0.00353513691947996,0.1135410629487304,0.17831518138131836,0.21804912826254697,0.2736143668055522,0.0,1.0,1024,0.00390625,0.3
clustered,12.0,500.0,0.0,88.0,0.09689952716421961,0.003527828630087719,0.1136545071466022,0.17551073787499366,0.21504688296877092,0.279006106153293,0.0,1.0,1024,0.0029296875,0.3
clustered,12.0,500.0,0.0,89.0,0.09694156978026539,0.00358646940391707,0.11394795897855799,0.178994587176249,0.21548164248112067,0.28168164499350556,0.0,1.0,1024,0.00390625,0.3
clustered,12.0,500.0,0.0,90.0,0.09709526183722837,0.0035974597156351643,0.11412690124100935,0.1786890974461253,0.21533508757067743,0.2760782019390117,0.0,1.0,1024,0.00390625,0.3
clustered,12.0,500.0,0.0,91.0,0.09720113567965345,0.0035606159479512206,0.11405558612082803,0.17897414989048382,0.21464147014238355,0.2795470839490467,0.0,1.0,1024,0.0029296875,0.3
clustered,12.0,500.0,0.0,92.0,0.09762731130687205,0.003646024272093749,0.11479162070945186,0.17922085528462148,0.2154889593894742,0.2867775074464047,0.0,1.0,1024,0.0029296875,0.3
clustered,12.0,500.0,0.0,93.0,0.09751066306902838,0.0036214705685250685,0.11458533929210422,0.18148271422966408,0.21475103596384845,0.28371162707886205,0.0,1.0,1024,0.0029296875,0.3
clustered,12.0,500.0,0.0,94.0,0.09763851003310897,0.00363362685951647,0.11474713722355775,0.17794096766845469,0.21616496955078526,0.2752974788157334,0.0,1.0,1024,0.0048828125,0.3
clustered,12.0,500.0,0.0,95.0,0.09777840370139478,0.0036374425633373627,0.11488280460421522,0.18029108860194987,0.21942619334931296,0.27823470984685506,0.0,1.0,1024,0.0048828125,0.3
clustered,12.0,500.0,0.0,96.0,0.09793908601054838,0.003634384421678602,0.11500629978509957,0.18219953002793587,0.2124487107965152,0.27549066469622074,0.0,1.0,1024,0.0029296875,0.3
clustered,12.0,500.0,0.0,97.0,0.09815859521902875,0.003713806852339175,0.11553751195050165,0.18280510879444026,0.21612710888200837,0.2828512245182148,0.0,1.0,1024,0.0029296875,0.3
clustered,12.0,500.0,0.0,98.0,0.09832453660304773,0.0036935776770991484,0.11559105577553663,0.17764559877305472,0.2151726604254217,0.2801633352293587,0.0,1.0,1024,0.005859375,0.3
clustered,12.0,500.0,0.0,99.0,0.09834473599727918,0.0036887742310038065,0.11558746181735434,0.1798538951963944,0.215875561259893,0.2781438271085896,0.0,1.0,1024,0.0048828125,0.3
clustered,12.0,500.0,0.0,100.0,0.09856534282636759,0.0037203129234306535,0.11591134426754797,0.18256454051167917,0.2169577108815374,0.2794637102626477,0.0,1.0,1024,0.005859375,0.3
clustered,12.0,500.0,0.0,101.0,0.09872087600492929,0.0037216978594567943,0.11604959809769881,0.17904679953714672,0.22022543047841295,0.2867922760738132,0.0,1.0,1024,0.005859375,0.3
clustered,12.0,500.0,0.0,102.0,0.09879980361350162,0.003737140743115092,0.11618322571344616,0.18205616240181854,0.21864661402675475,0.28533674154372796,0.0,1.0,1024,0.0068359375,0.3
clustered,12.0,500.0,0.0,103.0,0.09902014693580338,0.0037402948725433083,0.11638421014781773,0.17957901981851823,0.2182673611949689,0.27991180157096274,0.0,1.0,1024,0.005859375,0.3
clustered,12.0,500.0,0.0,104.0,0.09917361370878794,0.0037879535508470188,0.11671914670227379,0.1809161335888065,0.21492494393144074,0.28226082215394727,0.0,1.0,1024,0.0078125,0.3
clustered,12.0,500.0,0.0,105.0,0.09957348368757944,0.0037800615199933465,0.11702538260426239,0.18245492224201326,0.21956793351271786,0.28849418169897423,0.0,1.0,1024,0.0068359375,0.3
clustered,12.0,500.0,0.0,106.0,0.09956972970380386,0.003804254836819129,0.11712551348919538,0.18052961487659053,0.21711119919401578,0.29213706140003576,0.0,1.0,1024,0.005859375,0.3
clustered,12.0,500.0,0.0,107.0,0.09963482953571326,0.003785462091390101,0.11710064623220805,0.18096673011583714,0.21568888842495115,0.29319820812707076,0.0,1.0,1024,0.009765625,0.3
clustered,12.0,500.0,0.0,108.0,0.10021619428420697,0.0038789319675999194,0.11799244706509751,0.18196312141223656,0.2220910404310579,0.2943933448729909,0.0,1.0,1024,0.009765625,0.3
clustered,12.0,500.0,0.0,109.0,0.10020117930727508,0.0038401781310510277,0.11781534053602577,0.18262472760466705,0.21825341421436947,0.2947557213900666,0.0,1.0,1024,0.009765625,0.3
clustered,12.0,500.0,0.0,110.0,0.10049228308670488,0.003822862987256044,0.11798966881568265,0.18078460781811415,0.2174586050751579,0.2909203826886926,0.0,1.0,1024,0.0087890625,0.3
clustered,12.0,500.0,0.0,111.0,0.10056174497541115,0.0038505766395253013,0.11816615925054402,0.18255303709950169,0.21622768356022265,0.2999834916457226,0.0,1.0,1024,0.0107421875,0.3
clustered,12.0,500.0,0.0,112.0,0.10081024135111319,0.003876791729800411,0.11848838124926048,0.180138621628879,0.21703036949046003,0.2986895072196056,0.0,1.0,1024,0.009765625,0.3
clustered,12.0,500.0,0.0,113.0,0.10075559011407402,0.0038421732004558303,0.11829565562475708,0.1819151554197011,0.21643741743070335,0.30207818722955504,0.0,1.0,1024,0.0107421875,0.3
clustered,12.0,500.0,0.0,114.0,0.10105185497173136,0.003920838490979324,0.11887941741196056,0.18441891188445506,0.21766531399283912,0.30089903792088085,0.0,1.0,1024,0.01171875,0.3
clustered,12.0,500.0,0.0,115.0,0.10133634130700625,0.003946582621590842,0.11922934492431342,0.18420087320548814,0.21690594927261106,0.29863058331226194,0.0,1.0,1024,0.009765625,0.3
clustered,12.0,500.0,0.0,116.0,0.10132361702826123,0.003913823879015496,0.11908106166265585,0.18581703782244327,0.2125669778140617,0.3076182267200774,0.0,1.0,1024,0.01171875,0.3
clustered,12.0,500.0,0.0,117.0,0.1015103790892802,0.0038844266921566435,0.11911668126255877,0.1835437969764481,0.21631650926248064,0.3010443074944852,0.0,1.0,1024,0.0107421875,0.3
clustered,12.0,500.0,0.0,118.0,0.10187187639754264,0.003924414928205422,0.11959219928139805,0.18587183535089938,0.2117772567515883,0.29932759282383503,0.0,1.0,1024,0.0107421875,0.3
clustered,12.0,500.0,0.0,119.0,0.10193309797868613,0.003908229262208674,0.11957669390705324,0.18317665171971267,0.2154635191788047,0.30439489368707673,0.0,1.0,1024,0.0107421875,0.3
clustered,12.0,500.0,0.0,120.0,0.1022716628506335,0.004017010822874737,0.12031834375982901,0.18707769029930746,0.217134328122517,0.29364164297689604,0.0,1.0,1024,0.009765625,0.3
clustered,12.0,500.0,0.0,121.0,0.10222718093801242,0.004029319725102805,0.12033169261518736,0.18487827031974935,0.21963222653613743,0.30110061695853474,0.0,1.0,1024,0.01171875,0.3
clustered,12.0,500.0,0.0,122.0,0.10265780544704911,0.004046480646473324,0.12076881081503416,0.1860276705422006,0.21607796247660746,0.2982043636660824,0.0,1.0,1024,0.009765625,0.3
clustered,12.0,500.0,0.0,123.0,0.10272166428046804,0.004053478695760002,0.12085205421634002,0.18479731321400442,0.21902177940839912,0.3042610901477013,0.0,1.0,1024,0.0107421875,0.3
clustered,12.0,500.0,0.0,124.0,0.10288513256748646,0.004089201415763196,0.12113856495432188,0.18540784038918706,0.21779462322049184,0.3022329933541863,0.0,1.0,1024,0.0107421875,0.3
clustered,12.0,500.0,0.0,125.0,0.10296853784167924,0.004062455972297119,0.12109903285142473,0.18668669725260847,0.22029948734801516,0.3069051275462407,0.0,1.0,1024,0.01171875,0.3
clustered,12.0,500.0,0.0,126.0,0.10304018030048044,0.004102152457001743,0.12132366303964474,0.18636280864939245,0.21995251848915182,0.3001915719077775,0.0,1.0,1024,0.0107421875,0.3
clustered,12.0,500.0,0.0,127.0,0.10302745728034866,0.004072527635929375,0.12119069514440226,0.18426106979671059,0.22267839464236994,0.30425528398783364,0.0,1.0,1024,0.01171875,0.3
clustered,12.0,500.0,0.0,128.0,0.10330730056631089,0.004089202497344608,0.1214973285617536,0.18447269133941702,0.22542549708396756,0.3025891276830921,0.0,1.0,1024,0.0107421875,0.3
clustered,12.0,500.0,0.0,129.0,0.10345691522729605,0.004205608335890981,0.12210217706592665,0.1836233503866993,0.22396798224277287,0.3126051175874309,0.0,1.0,1024,0.01171875,0.3
clustered,12.0,500.0,0.0,130.0,0.10352370120608279,0.00422813881016685,0.12225095304975399,0.18478501239429262,0.22461708007421322,0.31430291527516063,0.0,1.0,1024,0.0107421875,0.3
clustered,12.0,500.0,0.0,131.0,0.10381394942414597,0.004288903669496023,0.12274461195724708,0.18415453952720792,0.22670904017091056,0.31615922342214575,0.0,1.0,1024,0.0126953125,0.3
clustered,12.0,500.0,0.0,132.0,0.10397166700038897,0.004288543971360374,0.12287657022475906,0.18564053877480696,0.22579403875055162,0.307456174331391,0.0,1.0,1024,0.01171875,0.3
clustered,12.0,500.0,0.0,133.0,0.10372365869286748,0.004300498350287095,0.12271550726343251,0.18591370813719202,0.22411240349507977,0.3010720105417347,0.0,1.0,1024,0.0107421875,0.3
clustered,12.0,500.0,0.0,134.0,0.10409728351005663,0.004374488737069486,0.12333180113515976,0.18687905138623967,0.22876750917748437,0.31214020845645674,0.0,1.0,1024,0.0107421875,0.3
clustered,12.0,500.0,0.0,135.0,0.10429582795218083,0.004422937182483352,0.12369541992618101,0.18854556089146915,0.2288569935700255,0.30981677358810567,0.0,1.0,1024,0.01171875,0.3
clustered,12.0,500.0,0.0,136.0,0.10428628226774554,0.0044264274018311145,0.12370147966398387,0.18615951870646058,0.2299672381401447,0.31017800386970124,0.0,1.0,1024,0.0146484375,0.3
clustered,12.0,500.0,0.0,137.0,0.10428037203047603,0.004432319887139458,0.12372031311774936,0.18576017267436398,0.23019575227860345,0.3150431207259915,0.0,1.0,1024,0.013671875,0.3
clustered,12.0,500.0,0.0,138.0,0.10440458947950831,0.004479710147049102,0.12401624269197063,0.18755349284051764,0.22826900854181698,0.32033349485502866,0.0,1.0,1024,0.013671875,0.3
clustered,12.0,500.0,0.0,139.0,0.10447008807020342,0.004530965446782694,0.12427777254271478,0.18880339932288254,0.22833172523950337,0.32338736896765996,0.0,1.0,1024,0.015625,0.3
clustered,12.0,500.0,0.0,140.0,0.10500940316605105,0.0046881605577452174,0.1253600227785376,0.19166431404926887,0.22937737719822307,0.3227954615955175,0.0,1.0,1024,0.0166015625,0.3
clustered,12.0,500.0,0.0,141.0,0.1048462460839572,0.004639503295561785,0.12502895110117296,0.19023693683113976,0.22912839945333746,0.3172961170096261,0.0,1.0,1024,0.0166015625,0.3
clustered,12.0,500.0,0.0,142.0,0.1049864529676936,0.00466404123559856,0.12524454695648948,0.19359681073180598,0.22949805780992277,0.3216181520068492,0.0,1.0,1024,0.015625,0.3
clustered,12.0,500.0,0.0,143.0,0.10485998662824246,0.004718433052055877,0.12535569331997276,0.19118258243165978,0.23065975781077416,0.33324724563784447,0.0,1.0,1024,0.0166015625,0.3
clustered,12.0,500.0,0.0,144.0,0.10502518233124651,0.00468672891485094,0.1253675310379945,0.18895263290049752,0.22986886142555307,0.3329176341036412,0.0,1.0,1024,0.017578125,0.3
clustered,12.0,500.0,0.0,145.0,0.10515548753049352,0.004780017238903519,0.125847899452789,0.19193421861501853,0.23333434003285547,0.3308857706347988,0.0,1.0,1024,0.015625,0.3
clustered,12.0,500.0,0.0,146.0,0.10534853446611211,0.004827986228012593,0.12619944509454153,0.19306422974652948,0.231050754187073,0.34016647556794277,0.0,1.0,1024,0.017578125,0.3
clustered,12.0,500.0,0.0,147.0,0.10547599048405591,0.004857562108293553,0.12642288826350317,0.19408153310566728,0.23059838338561559,0.3432175043631526,0.0,1.0,1024,0.017578125,0.3
clustered,12.0,500.0,0.0,148.0,0.105401585333912,0.004893862747739895,0.126504375175888,0.19320502004634926,0.2296661211953095,0.34492836465302007,0.0,1.0,1024,0.0166015625,0.3
clustered,12.0,500.0,0.0,149.0,0.10566790250407325,0.0049300111107746115,0.12686889583497188,0.19343308563239736,0.22834939976601837,0.34358466658278075,0.0,1.0,1024,0.015625,0.3
clustered,12.0,500.0,0.0,150.0,0.10571191705217096,0.004990942381246968,0.12714539625205484,0.19541637025591357,0.231359466182074,0.3361931849191304,0.0,1.0,1024,0.0166015625,0.3
repulsive,12.0,500.0,0.0,2.0,0.14122242302326224,0.013374392294990248,0.18253264107975722,0.27175794246752283,0.3476004987228779,0.6206506414603407,0.0009765625,1.0,1024,0.0771484375,0.3
repulsive,12.0,500.0,0.0,3.0,0.12176695143264378,0.007733435003850451,0.15020194893892116,0.22177661147164315,0.2854545856829648,0.4944026038892654,0.0,1.0,1024,0.0419921875,0.3
repulsive,12.0,500.0,0.0,4.0,0.11122138990269938,0.005698672531777239,0.13442049733454164,0.20022057469265586,0.2538870875158663,0.41735680228816757,0.0,1.0,1024,0.029296875,0.3
repulsive,12.0,500.0,0.0,5.0,0.10442098023524113,0.0045333216276206584,0.12424597675944793,0.18707439418446462,0.23347055324901939,0.3596719647228953,0.0,1.0,1024,0.0205078125,0.3
repulsive,12.0,500.0,0.0,6.0,0.09959513936794678,0.0038788292368488156,0.11746497785539976,0.17686040712572015,0.21596199054390117,0.3216391640041424,0.0,1.0,1024,0.0126953125,0.3
repulsive,12.0,500.0,0.0,7.0,0.09628147157314645,0.003432713702439563,0.11270685636078301,0.1734393303738661,0.20362963015028437,0.29497381045058846,0.0,1.0,1024,0.009765625,0.3
repulsive,12.0,500.0,0.0,8.0,0.09343804325126359,0.003083570925232533,0.10869332478058409,0.16630096808787825,0.19793828098045066,0.26990458781201004,0.0,1.0,1024,0.005859375,0.3
repulsive,12.0,500.0,0.0,9.0,0.09147185875251196,0.002862151054685189,0.10596816502291945,0.16137259533438536,0.1910324902030875,0.2501486773694923,0.0,1.0,1024,0.00390625,0.3
repulsive,12.0,500.0,0.0,10.0,0.08982798101939603,0.0027027506259227865,0.10378736339238877,0.1598642897137467,0.19225096180635645,0.24800418502848992,0.0,1.0,1024,0.0029296875,0.3
repulsive,12.0,500.0,0.0,11.0,0.08852540141835356,0.0025778688467449646,0.10205202370862422,0.15529036682177744,0.18903933302317238,0.24004203713092764,0.0,1.0,1024,0.001953125,0.3
repulsive,12.0,500.0,0.0,12.0,0.08763857364063056,0.002485762654408592,0.10082798343799611,0.15621462455786214,0.1845811433918846,0.22814581338234868,0.0,1.0,1024,0.001953125,0.3
repulsive,12.0,500.0,0.0,13.0,0.08681977581187854,0.002409736265402558,0.09973670205810602,0.15395356100168212,0.18021868428532337,0.2290938480306869,0.0,1.0,1024,0.0009765625,0.3
repulsive,12.0,500.0,0.0,14.0,0.08616116746125822,0.002331578788585875,0.09876905166535142,0.1507574036207851,0.180250593355087,0.23176957715995247,0.0,1.0,1024,0.0009765625,0.3
repulsive,12.0,500.0,0.0,15.0,0.08578862932037497,0.0023216527887415135,0.09839380930429624,0.15059153240914075,0.1788808896036961,0.2188130158764403,0.0,1.0,1024,0.0009765625,0.3
repulsive,12.0,500.0,0.0,16.0,0.08551226888993223,0.0022804316005894092,0.097942737001237,0.15094920154722505,0.17682197858680992,0.22470312733804731,0.0,1.0,1024,0.0009765625,0.3
repulsive,12.0,500.0,0.0,17.0,0.08537302610859727,0.0022863681917319155,0.09785152926076908,0.15074177294563962,0.17574384182019637,0.2229388643613212,0.0,1.0,1024,0.0009765625,0.3
repulsive,12.0,500.0,0.0,18.0,0.0855513954159445,0.002276035577375593,0.09795446306825883,0.14973876243874729,0.17543396981876216,0.21858353520508517,0.0,1.0,1024,0.0009765625,0.3
repulsive,12.0,500.0,0.0,19.0,0.08586349655977475,0.0023072456972180505,0.0983859021338347,0.14859698105231045,0.1795141823185592,0.22065247243831812,0.0,1.0,1024,0.0009765625,0.3
repulsive,12.0,500.0,0.0,20.0,0.08617659615696535,0.0022942969180038686,0.0985936237451721,0.14937230308419527,0.17674485173864118,0.2218220560731125,0.0,1.0,1024,0.0009765625,0.3
repulsive,12.0,500.0,0.0,21.0,0.08618895104022987,0.0023277107687190287,0.09877371133117441,0.15003363046658158,0.17762338948317,0.22111275460822993,0.0,1.0,1024,0.0009765625,0.3
repulsive,12.0,500.0,0.0,22.0,0.08598489816040736,0.0023058527066227162,0.09848479790443976,0.14836612162734159,0.17812662916681726,0.22117110097891285,0.0,1.0,1024,0.0009765625,0.3
repulsive,12.0,500.0,0.0,23.0,0.08552244535708753,0.0023030128248102406,0.09806682152831438,0.1482349034116854,0.17845108987192043,0.22012386828067756,0.0,1.0,1024,0.0009765625,0.3
repulsive,12.0,500.0,0.0,24.0,0.08496032609552143,0.002276876197566555,0.09744297413268897,0.14771553792010667,0.17585944575665716,0.2163629678377342,0.0,1.0,1024,0.0,0.3
repulsive,12.0,500.0,0.0,25.0,0.08401867306724699,0.002229907748034716,0.0963796927366738,0.14582214391280646,0.1730200937434891,0.21437381829919133,0.0,1.0,1024,0.0009765625,0.3
repulsive,12.0,500.0,0.0,26.0,0.08347667648892843,0.0022262467497897427,0.09588848871176851,0.14646212997991007,0.17083475950193874,0.2257857675699399,0.0,1.0,1024,0.0009765625,0.3
repulsive,12.0,500.0,0.0,27.0,0.08285014258001659,0.002213036469549077,0.09527424938081724,0.1459653269515963,0.16957697551808482,0.21889186029168797,0.0,1.0,1024,0.0,0.3
repulsive,12.0,500.0,0.0,28.0,0.08250020913059986,0.002182628622763354,0.09480987885951582,0.1447828372608699,0.16998718833236154,0.21879555628348324,0.0,1.0,1024,0.0,0.3
repulsive,12.0,500.0,0.0,29.0,0.08232029985509187,0.0022167195969716898,0.09483328194892303,0.14594753598573523,0.1681310431460226,0.2217103037075906,0.0,1.0,1024,0.0,0.3
repulsive,12.0,500.0,0.0,30.0,0.08182073619750208,0.0021724673772091064,0.09416528154851092,0.143979093597001,0.1664703412930636,0.22521705404202866,0.0,1.0,1024,0.0,0.3
repulsive,12.0,500.0,0.0,31.0,0.08175944540313793,0.0022025240673182703,0.0942715809772328,0.1448651699961529,0.1643660418457641,0.2237181390421859,0.0,1.0,1024,0.0009765625,0.3
repulsive,12.0,500.0,0.0,32.0,0.08170460480421811,0.0022052443643060782,0.09423845717391356,0.1453876587504631,0.1639534975464126,0.2269148722565177,0.0,1.0,1024,0.0009765625,0.3
repulsive,12.0,500.0,0.0,33.0,0.08150654385710884,0.0021995144923562847,0.09403632906428819,0.14760825449415135,0.16600187692283075,0.21962069614373153,0.0,1.0,1024,0.0009765625,0.3
repulsive,12.0,500.0,0.0,34.0,0.08140712244973722,0.0022153900292845173,0.09403461923584859,0.14721494651000847,0.1661510515501328,0.2200993580243668,0.0,1.0,1024,0.0009765625,0.3
repulsive,12.0,500.0,0.0,35.0,0.08131584838189176,0.0022160330367192974,0.0939590348757697,0.14755184406560215,0.16656580380865307,0.21808661791480094,0.0,1.0,1024,0.0009765625,0.3
repulsive,12.0,500.0,0.0,36.0,0.0813539564111664,0.002219972539943854,0.09401297125234272,0.1459837154821439,0.16899514393350262,0.22788213460655166,0.0,1.0,1024,0.0009765625,0.3
repulsive,12.0,500.0,0.0,37.0,0.08127903482863282,0.0022211016529107936,0.09395415454137672,0.1459816608440107,0.1651040450074511,0.228322301442442,0.0,1.0,1024,0.0009765625,0.3
repulsive,12.0,500.0,0.0,38.0,0.08146278464088602,0.0022482887014003373,0.09425748767523837,0.1453943705947397,0.16605149805843084,0.22751494097505376,0.0,1.0,1024,0.0009765625,0.3
repulsive,12.0,500.0,0.0,39.0,0.08143782536518146,0.0022208148654702634,0.09409003276479425,0.14571108236360236,0.16768396436062105,0.21939097576770925,0.0,1.0,1024,0.001953125,0.3
repulsive,12.0,500.0,0.0,40.0,0.08142358169630277,0.0022349205911344635,0.09415264333723698,0.1463346655177376,0.16849841569974572,0.2229188697066897,0.0,1.0,1024,0.0009765625,0.3
repulsive,12.0,500.0,0.0,41.0,0.08156460252857586,0.0022557212962562743,0.09438488057894039,0.14576318766219903,0.16581563693935192,0.21940119232924282,0.0,1.0,1024,0.001953125,0.3
repulsive,12.0,500.0,0.0,42.0,0.08133792507498346,0.002222758534434202,0.09401391700135583,0.14538235468399063,0.1667034783855678,0.22467957529934582,0.0,1.0,1024,0.001953125,0.3
repulsive,12.0,500.0,0.0,43.0,0.0814975628715333,0.0022087563400561097,0.09407767585381578,0.1468779494263498,0.16641212309049908,0.22801461800321765,0.0,1.0,1024,0.0009765625,0.3
repulsive,12.0,500.0,0.0,44.0,0.08162431683061196,0.0022552800896811975,0.09443415265541022,0.1445099452934914,0.16843204608615503,0.22448102553714241,0.0,1.0,1024,0.001953125,0.3
repulsive,12.0,500.0,0.0,45.0,0.08171088238438784,0.0022694253461738294,0.09458379166754255,0.14549722714468455,0.1702712561902906,0.2366169202102558,0.0,1.0,1024,0.001953125,0.3
repulsive,12.0,500.0,0.0,46.0,0.08184471482267539,0.0022635900684682374,0.09466861894457582,0.14729041372210464,0.1694123142559972,0.23198541634834807,0.0,1.0,1024,0.0029296875,0.3
repulsive,12.0,500.0,0.0,47.0,0.08196609404912282,0.0022766167830333152,0.09484227621004761,0.1479226938258043,0.17121332143031381,0.23761321307971187,0.0,1.0,1024,0.001953125,0.3
repulsive,12.0,500.0,0.0,48.0,0.0820840400156604,0.0022695101366167316,0.09490679513032388,0.14755906939675525,0.16863276596480792,0.23097251363035184,0.0,1.0,1024,0.001953125,0.3
repulsive,12.0,500.0,0.0,49.0,0.08217367770474662,0.0022984992608893243,0.09513680974477175,0.1473843242544122,0.17230314768543084,0.2409105329355597,0.0,1.0,1024,0.0029296875,0.3
repulsive,12.0,500.0,0.0,50.0,0.0823162073841677,0.0023063994274268407,0.09530140306176056,0.14689215536368044,0.1699102825378608,0.22417393750966585,0.0,1.0,1024,0.0029296875,0.3
repulsive,12.0,500.0,0.0,51.0,0.08237016567770092,0.002298329037801813,0.0953056831021829,0.14526256455903483,0.17056556992386676,0.22205998431415808,0.0,1.0,1024,0.0029296875,0.3
repulsive,12.0,500.0,0.0,52.0,0.08254770924843521,0.0023197203814759727,0.09557114984994253,0.14775054290128647,0.17184743715471593,0.225986790352769,0.0,1.0,1024,0.00390625,0.3
repulsive,12.0,500.0,0.0,53.0,0.08252437904312139,0.0023171235547670976,0.0955374099042876,0.14696284448139818,0.17006882481503882,0.23406497203037901,0.0,1.0,1024,0.0029296875,0.3
repulsive,12.0,500.0,0.0,54.0,0.08259485820152805,0.0023093618154410877,0.09555769156259276,0.14527918828666372,0.16990544461655946,0.21633599029176798,0.0,1.0,1024,0.001953125,0.3
repulsive,12.0,500.0,0.0,55.0,0.08279846975852484,0.0023466373155340754,0.09592822269742846,0.14586689917389428,0.16976870519584217,0.2257859081501334,0.0,1.0,1024,0.0048828125,0.3
repulsive,12.0,500.0,0.0,56.0,0.08278194457808742,0.002321725910349215,0.09578400836506454,0.1455707080596509,0.16851900516690296,0.22492847054786602,0.0,1.0,1024,0.0048828125,0.3
repulsive,12.0,500.0,0.0,57.0,0.08300569125302554,0.002343122008068009,0.09608884840844233,0.14790212592944976,0.17116572912516245,0.2215081665899325,0.0,1.0,1024,0.0048828125,0.3
repulsive,12.0,500.0,0.0,58.0,0.08306272843418265,0.00236983589283576,0.09627695855066536,0.1452184100673919,0.17112233212412842,0.22902491580809042,0.0,1.0,1024,0.0048828125,0.3
repulsive,12.0,500.0,0.0,59.0,0.08301541747833543,0.002360346761783746,0.09618683018421008,0.14618307681250234,0.16922913483749477,0.22601275818053623,0.0,1.0,1024,0.0048828125,0.3
repulsive,12.0,500.0,0.0,60.0,0.08329354084039178,0.0023803531556006612,0.09653065368747213,0.14839086896282364,0.1692330041853563,0.21991480223025411,0.0,1.0,1024,0.0048828125,0.3
repulsive,12.0,500.0,0.0,61.0,0.08345980428483417,0.002409238047550731,0.09682343197188145,0.1471110086292601,0.1713872926629711,0.22716762245479077,0.0,1.0,1024,0.0048828125,0.3
repulsive,12.0,500.0,0.0,62.0,0.08364270950908137,0.0024299289136079727,0.09708775292295391,0.14982403275161707,0.17072517358468547,0.23280931639100735,0.0,1.0,1024,0.0048828125,0.3
repulsive,12.0,500.0,0.0,63.0,0.08363829731291049,0.002424145495086401,0.09705416154132294,0.14796325930040127,0.1741909454646694,0.2368265309102344,0.0,1.0,1024,0.00390625,0.3
repulsive,12.0,500.0,0.0,64.0,0.08367111544790361,0.0024362318798747027,0.09714467273181333,0.14785014499896576,0.1722513891739592,0.2285083782242368,0.0,1.0,1024,0.0048828125,0.3
repulsive,12.0,500.0,0.0,65.0,0.08386091500221897,0.0024451885241210955,0.09735420683838213,0.14918672300255092,0.17260143444691609,0.23553976607063812,0.0,1.0,1024,0.0048828125,0.3
repulsive,12.0,500.0,0.0,66.0,0.0840185381527747,0.0024977696872226355,0.0977593189448039,0.14743321125535064,0.17137913316252412,0.23036806780607547,0.0,1.0,1024,0.0048828125,0.3
repulsive,12.0,500.0,0.0,67.0,0.08413414562695369,0.0024930026984362956,0.09783433527557565,0.1487340673309263,0.17270944201167257,0.23141036996071795,0.0,1.0,1024,0.0048828125,0.3
repulsive,12.0,500.0,0.0,68.0,0.0840688078909358,0.0024761634410383347,0.09769200530873243,0.14970989430051776,0.17517115969391503,0.2308739394291034,0.0,1.0,1024,0.0048828125,0.3
repulsive,12.0,500.0,0.0,69.0,0.08424154848861645,0.0025240789690474017,0.09808525608269225,0.14977889497096641,0.17512077272019896,0.23396225248953112,0.0,1.0,1024,0.0048828125,0.3
repulsive,12.0,500.0,0.0,70.0,0.08445632363045441,0.0025509085872692013,0.09840619486821575,0.1489452103082834,0.17661028937532408,0.2408062945181294,0.0,1.0,1024,0.0048828125,0.3
repulsive,12.0,500.0,0.0,71.0,0.08425024661443468,0.0025503926743789917,0.09822676177586256,0.1500493435686746,0.1731182515058743,0.24187509193862855,0.0,1.0,1024,0.0048828125,0.3
repulsive,12.0,500.0,0.0,72.0,0.08459002216246632,0.00259742081242201,0.09875673476714665,0.14959334904028165,0.17552375610134202,0.24573417502356568,0.0,1.0,1024,0.0048828125,0.3
repulsive,12.0,500.0,0.0,73.0,0.08474320798836062,0.0025892084606759565,0.09884644536266594,0.15087465687033141,0.17390629736161123,0.23638179292983383,0.0,1.0,1024,0.0048828125,0.3
repulsive,12.0,500.0,0.0,74.0,0.08491359205480614,0.002610819801558268,0.09910165446251795,0.14981361228842419,0.17771879405735538,0.23204992309979022,0.0,1.0,1024,0.00390625,0.3
repulsive,12.0,500.0,0.0,75.0,0.08493323877718628,0.0026231246910172245,0.0991805411368569,0.15201694139087912,0.17635002901968477,0.23858470834979972,0.0,1.0,1024,0.0048828125,0.3
repulsive,12.0,500.0,0.0,76.0,0.08497074539815243,0.0026121872015189536,0.09915752505501838,0.15273607391499355,0.17778205372806766,0.2394813866065686,0.0,1.0,1024,0.0048828125,0.3
repulsive,12.0,500.0,0.0,77.0,0.08516962978771224,0.002649814031997228,0.09951723403598589,0.1497956514579355,0.17739841079466642,0.24537525751256412,0.0,1.0,1024,0.00390625,0.3
repulsive,12.0,500.0,0.0,78.0,0.08537070169106999,0.0026879009426107204,0.09988021650875803,0.1538305998962985,0.17929132555877725,0.24587985716302294,0.0,1.0,1024,0.0048828125,0.3
repulsive,12.0,500.0,0.0,79.0,0.08546845344456801,0.0026871600028614204,0.09996007471519672,0.15097778385923213,0.17908449589226383,0.23872004106828532,0.0,1.0,1024,0.0048828125,0.3
repulsive,12.0,500.0,0.0,80.0,0.08554763080314871,0.0026792577203625266,0.09998827359442888,0.1531168674152321,0.17672314414297605,0.2310351188951886,0.0,1.0,1024,0.00390625,0.3
repulsive,12.0,500.0,0.0,81.0,0.08568507314911777,0.00270935624016725,0.10025611203680758,0.15159813207230516,0.17796850431213376,0.24490626002451998,0.0,1.0,1024,0.00390625,0.3
repulsive,12.0,500.0,0.0,82.0,0.08581486640842824,0.0027299179790342036,0.1004694444880163,0.1529395225928916,0.17929693523667103,0.2347482051167032,0.0,1.0,1024,0.0048828125,0.3
repulsive,12.0,500.0,0.0,83.0,0.0858354014595652,0.0027243692682854355,0.1004593719471218,0.15044618676521912,0.1800219834790875,0.24197168822767626,0.0,1.0,1024,0.0048828125,0.3
repulsive,12.0,500.0,0.0,84.0,0.08602589810489301,0.00275253681436066,0.10076205614770917,0.15314097268600818,0.1795534133359605,0.24555756174668386,0.0,1.0,1024,0.00390625,0.3
repulsive,12.0,500.0,0.0,85.0,0.08607322519943786,0.0027800992240744216,0.10093908717789936,0.1514389542953674,0.1773955762053695,0.24655580793293244,0.0,1.0,1024,0.0048828125,0.3
repulsive,12.0,500.0,0.0,86.0,0.08630785046973444,0.002778632121380768,0.10113197898828445,0.15233726682099075,0.1783143882565885,0.2435139919061514,0.0,1.0,1024,0.00390625,0.3
repulsive,12.0,500.0,0.0,87.0,0.08646797101797277,0.0027671836104908704,0.10121212191459998,0.1509366501220071,0.1806685592278422,0.24376876408088824,0.0,1.0,1024,0.00390625,0.3
repulsive,12.0,500.0,0.0,88.0,0.08664449384798985,0.002793321310529954,0.10149182048177234,0.15437233660383487,0.1819857565977711,0.24745638540322307,0.0,1.0,1024,0.00390625,0.3
repulsive,12.0,500.0,0.0,89.0,0.08675175790615172,0.002775392647527747,0.1014951237613675,0.15159422336928538,0.18072415873187056,0.24763792087061945,0.0,1.0,1024,0.00390625,0.3
repulsive,12.0,500.0,0.0,90.0,0.08687444285661601,0.002810137815833701,0.10177085357547681,0.152699091925662,0.18220698565465956,0.2506006672266054,0.0,1.0,1024,0.00390625,0.3
repulsive,12.0,500.0,0.0,91.0,0.08709334529434441,0.002812414075857005,0.10196894071440044,0.15210070787620456,0.18323513808807326,0.2543596258242279,0.0,1.0,1024,0.00390625,0.3
repulsive,12.0,500.0,0.0,92.0,0.08734160089301611,0.002837741246743541,0.10230491920381177,0.15442642091920214,0.18417940811527397,0.2582918204282708,0.0,1.0,1024,0.00390625,0.3
repulsive,12.0,500.0,0.0,93.0,0.08733122888931975,0.002828812782928678,0.10225241475020252,0.15327453978026298,0.18259262404313578,0.2549388056303713,0.0,1.0,1024,0.00390625,0.3
repulsive,12.0,500.0,0.0,94.0,0.08764347479023593,0.0028613708972067362,0.10267789231627934,0.15357347699398713,0.18277618910479432,0.25075152115946514,0.0,1.0,1024,0.00390625,0.3
repulsive,12.0,500.0,0.0,95.0,0.0878589585453086,0.0028518753403743206,0.10281571833645173,0.1541969611042934,0.184846058224826,0.24949620092113906,0.0,1.0,1024,0.00390625,0.3
repulsive,12.0,500.0,0.0,96.0,0.08788208205367444,0.00287331210417876,0.10293965441105545,0.15582082939943973,0.18321271436100844,0.2562427577908505,0.0,1.0,1024,0.00390625,0.3
repulsive,12.0,500.0,0.0,97.0,0.08806596116812042,0.002874851271981774,0.10310414535044973,0.15478748430559208,0.18563786806352942,0.25611493469023344,0.0,1.0,1024,0.00390625,0.3
repulsive,12.0,500.0,0.0,98.0,0.08826541993852455,0.002862528913952184,0.1032148888042625,0.15384265453652612,0.18147557530552358,0.26020927659389204,0.0,1.0,1024,0.0048828125,0.3
repulsive,12.0,500.0,0.0,99.0,0.08844875695209282,0.002931731614871027,0.1037059025380977,0.15700202365038413,0.1835968989085866,0.2592155654874304,0.0,1.0,1024,0.00390625,0.3
repulsive,12.0,500.0,0.0,100.0,0.08868538167058541,0.0029108236923099367,0.10380713180878925,0.15770469987681307,0.18620986587365854,0.2582340443168029,0.0,1.0,1024,0.00390625,0.3
repulsive,12.0,500.0,0.0,101.0,0.08872547073090811,0.0029325385599699243,0.10394588840541581,0.15625571487516945,0.18758435467512605,0.2605137952612453,0.0,1.0,1024,0.0048828125,0.3
repulsive,12.0,500.0,0.0,102.0,0.08899763465967313,0.0029738327230615143,0.10437629854559016,0.1551017269463124,0.18295122751649723,0.26075910944314074,0.0,1.0,1024,0.0048828125,0.3
repulsive,12.0,500.0,0.0,103.0,0.08945116287343909,0.002974270479958505,0.10476536173454007,0.15511527016775414,0.18863521324029298,0.25844403827580836,0.0,1.0,1024,0.0048828125,0.3
repulsive,12.0,500.0,0.0,104.0,0.0893504570860264,0.002981515558705234,0.10471399018367641,0.15647388078028712,0.18758508426578277,0.25980649895846675,0.0,1.0,1024,0.00390625,0.3
repulsive,12.0,500.0,0.0,105.0,0.08956882047071618,0.003003736313985,0.1050062375028283,0.15643930300675507,0.19029728881757219,0.2575192040748784,0.0,1.0,1024,0.0048828125,0.3
repulsive,12.0,500.0,0.0,106.0,0.0896571445267815,0.0030059748441636975,0.10509223762419317,0.15772063613463932,0.18883662767253903,0.2652676123390657,0.0,1.0,1024,0.00390625,0.3
repulsive,12.0,500.0,0.0,107.0,0.08985678015523042,0.0029941257769534975,0.10520630549933264,0.15862738294136425,0.19247055675826844,0.26035313362699736,0.0,1.0,1024,0.0048828125,0.3
repulsive,12.0,500.0,0.0,108.0,0.09033122703674244,0.003067333572398204,0.10595784138213515,0.1622683306468673,0.19043486072939755,0.2697393274289632,0.0,1.0,1024,0.00390625,0.3
repulsive,12.0,500.0,0.0,109.0,0.09030321839574539,0.0030828722978716895,0.10600728064855441,0.15943813291300704,0.18830144828226214,0.2614734554200665,0.0,1.0,1024,0.0029296875,0.3
repulsive,12.0,500.0,0.0,110.0,0.09047954180644507,0.003096828878352945,0.10622323834198046,0.16191240783987715,0.1923513238726095,0.2611097942049242,0.0,1.0,1024,0.00390625,0.3
repulsive,12.0,500.0,0.0,111.0,0.09048674947738122,0.0030693966812159806,0.1061001814899406,0.16127673762294867,0.19048497826264893,0.26236698623244414,0.0,1.0,1024,0.0048828125,0.3
repulsive,12.0,500.0,0.0,112.0,0.09089379441907823,0.0031333866989753855,0.10674768645208682,0.16313838043861506,0.18850886434693098,0.26819796620690783,0.0,1.0,1024,0.00390625,0.3
repulsive,12.0,500.0,0.0,113.0,0.09108055207181713,0.0031007783242416476,0.10675413476745825,0.16471334638514534,0.19095660747349055,0.27192441730414046,0.0,1.0,1024,0.0029296875,0.3
repulsive,12.0,500.0,0.0,114.0,0.09147363760106111,0.0031680722004997254,0.10740343838290274,0.16463355567975765,0.19286686227478392,0.27419183189540275,0.0,1.0,1024,0.0048828125,0.3
repulsive,12.0,500.0,0.0,115.0,0.0916409938242123,0.0031536701392688845,0.10747902999356758,0.162818543816505,0.19256612999557032,0.27349674665317136,0.0,1.0,1024,0.0048828125,0.3
repulsive,12.0,500.0,0.0,116.0,0.09197308509961356,0.0031844401309212085,0.10790499763061008,0.1647636135653632,0.19173458970512763,0.27226389360620457,0.0,1.0,1024,0.0048828125,0.3
repulsive,12.0,500.0,0.0,117.0,0.09222868684193565,0.0032097369854066637,0.10823986170535557,0.1654140877510366,0.19170229946602196,0.28489121819028435,0.0,1.0,1024,0.005859375,0.3
repulsive,12.0,500.0,0.0,118.0,0.09240574100181936,0.0032418326359434976,0.10853871938639602,0.16615950346557887,0.195012775890877,0.27549763194473287,0.0,1.0,1024,0.0087890625,0.3
repulsive,12.0,500.0,0.0,119.0,0.09265137344022473,0.0032618301829196745,0.10883982351731215,0.1651928007680277,0.19629200613798767,0.2845772139527428,0.0,1.0,1024,0.0078125,0.3
repulsive,12.0,500.0,0.0,120.0,0.09304578984553358,0.0033237722833445015,0.10945908501044443,0.16810080092591667,0.19571185430221075,0.2861688161978906,0.0,1.0,1024,0.0068359375,0.3
repulsive,12.0,500.0,0.0,121.0,0.09315591846185244,0.0032867548118632665,0.10938363660225676,0.1678460600853795,0.1985348558758504,0.2873134671355093,0.0,1.0,1024,0.0068359375,0.3
repulsive,12.0,500.0,0.0,122.0,0.09335020368254303,0.0033124311842946913,0.10966627426819497,0.1651265220588316,0.20146724896258025,0.2941872733238353,0.0,1.0,1024,0.009765625,0.3
repulsive,12.0,500.0,0.0,123.0,0.09334960545923507,0.0033082817455985535,0.1096468448474164,0.1677829264533412,0.20301094914338655,0.2867402779487657,0.0,1.0,1024,0.0078125,0.3
repulsive,12.0,500.0,0.0,124.0,0.09358485672203432,0.0033241568775562486,0.10991943542995451,0.1671294539466234,0.19910542312289725,0.2923746844146705,0.0,1.0,1024,0.0078125,0.3
repulsive,12.0,500.0,0.0,125.0,0.09392778264632436,0.003433299133891208,0.11070558922993165,0.1674595147844906,0.19885277743022206,0.28915036532741456,0.0,1.0,1024,0.009765625,0.3
repulsive,12.0,500.0,0.0,126.0,0.09421696007466807,0.0033917942747366523,0.11076384717247884,0.17005442650082964,0.19843269634416352,0.29071196897221874,0.0,1.0,1024,0.0087890625,0.3
repulsive,12.0,500.0,0.0,127.0,0.09452354639354373,0.003469830666057941,0.1113756323837057,0.16962703985980124,0.20059422073015443,0.28703662297006766,0.0,1.0,1024,0.009765625,0.3
repulsive,12.0,500.0,0.0,128.0,0.09482662949028098,0.0035503445142844366,0.11199300949064393,0.16799005224846886,0.20129115676837495,0.3025753463873054,0.0,1.0,1024,0.0107421875,0.3
repulsive,12.0,500.0,0.0,129.0,0.09514746582710137,0.003605598554330985,0.11251061642196442,0.16981275910597432,0.20209421059296132,0.295887268705873,0.0,1.0,1024,0.009765625,0.3
repulsive,12.0,500.0,0.0,130.0,0.09530221955916936,0.003551616138822402,0.11240164229995274,0.17100333343198323,0.20403170026095502,0.2987501250115461,0.0,1.0,1024,0.0107421875,0.3
repulsive,12.0,500.0,0.0,131.0,0.0955396486048357,0.003590719783719124,0.11277652344018504,0.17322484481596762,0.20172933521301065,0.3032953511074026,0.0,1.0,1024,0.0107421875,0.3
repulsive,12.0,500.0,0.0,132.0,0.09551715087424856,0.0035616740983256826,0.11262859410229556,0.17140967455653344,0.2010973030523944,0.2966650609564093,0.0,1.0,1024,0.0107421875,0.3
repulsive,12.0,500.0,0.0,133.0,0.09588393786812176,0.003643211014895115,0.11330022310654533,0.17054434414327257,0.19873779516936055,0.29932694736105225,0.0,1.0,1024,0.0107421875,0.3
repulsive,12.0,500.0,0.0,134.0,0.09599683927101396,0.0036541282815456795,0.1134439131534635,0.1718435546292761,0.20348712468630414,0.29195823069860555,0.0,1.0,1024,0.009765625,0.3
repulsive,12.0,500.0,0.0,135.0,0.0965192795891448,0.003724473695809109,0.11419476795465111,0.17249933398710082,0.20336737832649357,0.2932057685800415,0.0,1.0,1024,0.009765625,0.3
repulsive,12.0,500.0,0.0,136.0,0.09647209270630966,0.003697787099229767,0.11403794004788306,0.17438517323078284,0.2058284801567507,0.30860490820181957,0.0,1.0,1024,0.01171875,0.3
repulsive,12.0,500.0,0.0,137.0,0.09675629927468175,0.0037758107382225886,0.11461933601078995,0.1744897636360219,0.20328656716160515,0.3095394640513544,0.0,1.0,1024,0.0107421875,0.3
repulsive,12.0,500.0,0.0,138.0,0.09687353721089226,0.0037425942642166704,0.11457345449957769,0.17534684842128562,0.2048565294695563,0.3179689134343784,0.0,1.0,1024,0.01171875,0.3
repulsive,12.0,500.0,0.0,139.0,0.09725215277830157,0.003815766960205431,0.11521175365482265,0.175844297882904,0.2052791903070238,0.31664418861192795,0.0,1.0,1024,0.01171875,0.3
repulsive,12.0,500.0,0.0,140.0,0.09734643659166134,0.0038677524335035767,0.11551658387693915,0.1739726273693028,0.20616680091537348,0.31149251215640683,0.0,1.0,1024,0.01171875,0.3
repulsive,12.0,500.0,0.0,141.0,0.09770253429056872,0.003914555501348337,0.11601870844026878,0.17368307133849506,0.20509775137613293,0.32042463997504633,0.0,1.0,1024,0.01171875,0.3
repulsive,12.0,500.0,0.0,142.0,0.09778449851035623,0.003961661162923069,0.1162904523675307,0.17734357820215263,0.20841621088017168,0.3143808804618494,0.0,1.0,1024,0.0126953125,0.3
repulsive,12.0,500.0,0.0,143.0,0.09799107261002295,0.003928444024342134,0.11632151278076176,0.17781305000458217,0.2080608319293574,0.3179649107367861,0.0,1.0,1024,0.01171875,0.3
repulsive,12.0,500.0,0.0,144.0,0.09803240100669285,0.003984735292561699,0.11659797142188509,0.173231154513293,0.2083015728950131,0.3196733395466215,0.0,1.0,1024,0.01171875,0.3
repulsive,12.0,500.0,0.0,145.0,0.09829114196944919,0.003985400208838252,0.1168184437428297,0.17647072851322892,0.21033014559813412,0.31903584294590726,0.0,1.0,1024,0.0107421875,0.3
repulsive,12.0,500.0,0.0,146.0,0.09828252698511984,0.004012601098807942,0.11692756821805862,0.17563717528898937,0.20586847248855242,0.32353276817596976,0.0,1.0,1024,0.01171875,0.3
repulsive,12.0,500.0,0.0,147.0,0.09863613976398901,0.004124946430883253,0.11770316265260007,0.17613751364371674,0.20749433972255338,0.32120143020060965,0.0,1.0,1024,0.0126953125,0.3
repulsive,12.0,500.0,0.0,148.0,0.09892655887416218,0.004134846987188407,0.11798860554253315,0.17647151232683642,0.208681159056094,0.3209465655522388,0.0,1.0,1024,0.0126953125,0.3
repulsive,12.0,500.0,0.0,149.0,0.09913380182429547,0.004240719276491202,0.11860956934678538,0.17633961137232845,0.21026738575220888,0.32961859188671105,0.0,1.0,1024,0.0126953125,0.3
repulsive,12.0,500.0,0.0,150.0,0.0991655203706718,0.004210281811982858,0.11850773072829039,0.17530093883336845,0.20757128160946106,0.32590586676941163,0.0,1.0,1024,0.0126953125,0.3
